FX,Time,Open,High,Low,Close,Volume
USD_CAD,2010-01-02,1.0531,1.0531,1.05133,1.05175,44
USD_CAD,2010-01-03,1.05178,1.05179,1.03516,1.041605,23378
USD_CAD,2010-01-04,1.041155,1.04211,1.03368,1.03895,23791
USD_CAD,2010-01-05,1.03889,1.04096,1.03131,1.03229,22008
USD_CAD,2010-01-06,1.03222,1.03734,1.02918,1.03462,23984
USD_CAD,2010-01-07,1.03458,1.03844,1.0295,1.02987,25468
USD_CAD,2010-01-08,1.02982,1.02982,1.02982,1.02982,2
USD_CAD,2010-01-09,1.03132,1.03163,1.02772,1.02815,427
USD_CAD,2010-01-10,1.0282,1.0344,1.0253,1.03347,22521
USD_CAD,2010-01-11,1.03322,1.04142,1.03141,1.03885,23895
USD_CAD,2010-01-12,1.03882,1.04118,1.02901,1.03091,23172
USD_CAD,2010-01-13,1.03085,1.03225,1.02252,1.0234,20559
USD_CAD,2010-01-14,1.02345,1.03141,1.02328,1.02913,20781
USD_CAD,2010-01-16,1.0296,1.03085,1.0295,1.03016,113
USD_CAD,2010-01-17,1.03026,1.03147,1.02484,1.02606,11701
USD_CAD,2010-01-18,1.02622,1.03484,1.02494,1.03138,19949
USD_CAD,2010-01-19,1.03118,1.04892,1.03034,1.04638,27053
USD_CAD,2010-01-20,1.04634,1.05254,1.0439,1.05245,30966
USD_CAD,2010-01-21,1.05247,1.06024,1.04649,1.05783,28729
USD_CAD,2010-01-23,1.05775,1.05985,1.057,1.05811,450
USD_CAD,2010-01-24,1.05835,1.0613,1.05328,1.05768,23444
USD_CAD,2010-01-25,1.0576,1.06922,1.05469,1.06274,32195
USD_CAD,2010-01-26,1.06276,1.06881,1.06093,1.06421,29820
USD_CAD,2010-01-27,1.06419,1.06699,1.05568,1.0663,30623
USD_CAD,2010-01-28,1.06648,1.07057,1.06234,1.07042,29912
USD_CAD,2010-01-29,1.07038,1.07038,1.07038,1.07038,2
USD_CAD,2010-01-30,1.06945,1.07212,1.0691,1.07068,406
USD_CAD,2010-01-31,1.07064,1.07217,1.06061,1.06061,24623
USD_CAD,2010-02-01,1.06057,1.06406,1.0566,1.057,23908
USD_CAD,2010-02-02,1.05705,1.06348,1.0547,1.06254,24037
USD_CAD,2010-02-03,1.06257,1.0753,1.05976,1.07437,28893
USD_CAD,2010-02-04,1.07445,1.07806,1.06441,1.07165,40278
USD_CAD,2010-02-05,1.07168,1.07168,1.07168,1.07168,2
USD_CAD,2010-02-06,1.06918,1.06918,1.0673,1.06893,396
USD_CAD,2010-02-07,1.0689,1.07587,1.06574,1.07578,27906
USD_CAD,2010-02-08,1.0757,1.07756,1.06456,1.0656,33279
USD_CAD,2010-02-09,1.0659,1.07082,1.05978,1.06217,30185
USD_CAD,2010-02-10,1.06239,1.06305,1.048,1.04995,29194
USD_CAD,2010-02-11,1.04992,1.05794,1.04894,1.05034,31708
USD_CAD,2010-02-12,1.05032,1.05032,1.05032,1.05032,1
USD_CAD,2010-02-13,1.05052,1.05157,1.05028,1.05122,80
USD_CAD,2010-02-14,1.05097,1.05334,1.04637,1.04933,11090
USD_CAD,2010-02-15,1.04948,1.04996,1.04109,1.043,19085
USD_CAD,2010-02-16,1.04313,1.04718,1.04119,1.04635,19495
USD_CAD,2010-02-17,1.04628,1.0498,1.03978,1.0471,24744
USD_CAD,2010-02-18,1.04695,1.05304,1.0389,1.0392,33101
USD_CAD,2010-02-19,1.03917,1.03917,1.03917,1.03917,1
USD_CAD,2010-02-20,1.03927,1.03962,1.03782,1.03841,305
USD_CAD,2010-02-21,1.03852,1.0441,1.03705,1.04297,20570
USD_CAD,2010-02-22,1.04302,1.058,1.0382,1.0565,28022
USD_CAD,2010-02-23,1.05647,1.05943,1.05104,1.05363,26925
USD_CAD,2010-02-24,1.05358,1.06806,1.0514,1.06061,31231
USD_CAD,2010-02-25,1.06058,1.0619,1.05116,1.05177,28999
USD_CAD,2010-02-27,1.05265,1.05572,1.05177,1.05472,586
USD_CAD,2010-02-28,1.05467,1.05741,1.04104,1.04141,28312
USD_CAD,2010-03-01,1.04139,1.04432,1.03096,1.03557,32058
USD_CAD,2010-03-02,1.0357,1.0367,1.02747,1.03192,26930
USD_CAD,2010-03-03,1.0318,1.03398,1.02706,1.03168,27343
USD_CAD,2010-03-04,1.0314,1.03319,1.02611,1.02873,23233
USD_CAD,2010-03-05,1.02879,1.02908,1.02875,1.02888,5
USD_CAD,2010-03-06,1.02944,1.02969,1.02815,1.02828,161
USD_CAD,2010-03-07,1.02825,1.02946,1.02512,1.02712,21366
USD_CAD,2010-03-08,1.02705,1.03204,1.02363,1.02621,25093
USD_CAD,2010-03-09,1.02602,1.02924,1.02168,1.02452,20876
USD_CAD,2010-03-10,1.02441,1.0322,1.02294,1.0239,22122
USD_CAD,2010-03-11,1.02384,1.02514,1.01554,1.01931,25371
USD_CAD,2010-03-12,1.01931,1.01931,1.01931,1.01931,2
USD_CAD,2010-03-13,1.01861,1.01912,1.01737,1.01768,225
USD_CAD,2010-03-14,1.01802,1.02322,1.01652,1.01929,23838
USD_CAD,2010-03-15,1.01922,1.02028,1.01357,1.01406,20687
USD_CAD,2010-03-16,1.01412,1.01476,1.00714,1.01039,19293
USD_CAD,2010-03-17,1.01017,1.01434,1.00898,1.01402,19351
USD_CAD,2010-03-18,1.0141,1.01888,1.00624,1.01728,25217
USD_CAD,2010-03-20,1.01655,1.01725,1.01535,1.01585,207
USD_CAD,2010-03-21,1.01595,1.02434,1.01474,1.01896,20082
USD_CAD,2010-03-22,1.01903,1.02296,1.0152,1.01595,19762
USD_CAD,2010-03-23,1.01599,1.0282,1.01563,1.02676,30180
USD_CAD,2010-03-24,1.02678,1.02713,1.01714,1.02403,27689
USD_CAD,2010-03-25,1.02415,1.03042,1.02056,1.02662,31750
USD_CAD,2010-03-27,1.0265,1.02675,1.02462,1.02548,201
USD_CAD,2010-03-28,1.02565,1.02731,1.01768,1.02113,19904
USD_CAD,2010-03-29,1.0213,1.02232,1.01572,1.02004,19868
USD_CAD,2010-03-30,1.0199,1.02032,1.01292,1.01517,26955
USD_CAD,2010-03-31,1.01529,1.01619,1.00666,1.0086,23129
USD_CAD,2010-04-01,1.0089,1.013,1.00812,1.01105,8910
USD_CAD,2010-04-02,1.0112,1.0112,1.0112,1.0112,1
USD_CAD,2010-04-03,1.01071,1.01071,1.00865,1.00866,38
USD_CAD,2010-04-04,1.00835,1.00894,1.00108,1.00225,12281
USD_CAD,2010-04-05,1.00228,1.0048,0.99882,1.00157,19523
USD_CAD,2010-04-06,1.00178,1.00641,0.99782,1.00641,21719
USD_CAD,2010-04-07,1.00615,1.01049,1.00187,1.00231,20313
USD_CAD,2010-04-08,1.00245,1.00854,0.99907,1.00269,21898
USD_CAD,2010-04-09,1.00247,1.00247,1.00247,1.00247,1
USD_CAD,2010-04-10,1.00177,1.00267,1.0012,1.00237,275
USD_CAD,2010-04-11,1.00227,1.00886,1.00119,1.00253,19584
USD_CAD,2010-04-12,1.0023,1.00655,1.00049,1.00102,16399
USD_CAD,2010-04-13,1.00098,1.00215,0.99546,0.99867,19156
USD_CAD,2010-04-14,0.99869,1.00366,0.99646,1.00205,18260
USD_CAD,2010-04-15,1.0021,1.01641,1.0004,1.01287,28450
USD_CAD,2010-04-17,1.01248,1.01458,1.01248,1.01457,143
USD_CAD,2010-04-18,1.01448,1.02154,1.01366,1.01449,25054
USD_CAD,2010-04-19,1.01431,1.01644,0.99714,0.99846,26481
USD_CAD,2010-04-20,0.99842,1.0014,0.993,0.99973,24635
USD_CAD,2010-04-21,0.99975,1.00394,0.99608,1.00034,27567
USD_CAD,2010-04-22,1.00023,1.0065,0.99686,0.99912,29138
USD_CAD,2010-04-24,0.99932,1.00021,0.99932,0.99981,61
USD_CAD,2010-04-25,0.99977,1.00232,0.99712,1.00099,20773
USD_CAD,2010-04-26,1.00086,1.01814,1.00006,1.01755,29845
USD_CAD,2010-04-27,1.01744,1.0197,1.00747,1.0097,39586
USD_CAD,2010-04-28,1.00905,1.01134,1.0014,1.00518,27694
USD_CAD,2010-04-29,1.00522,1.01792,1.00163,1.01786,31004
USD_CAD,2010-04-30,1.01784,1.01793,1.01784,1.01793,4
USD_CAD,2010-05-01,1.01793,1.0182,1.01453,1.0175,404
USD_CAD,2010-05-02,1.01742,1.01865,1.01008,1.01076,19963
USD_CAD,2010-05-03,1.01071,1.02575,1.01036,1.02465,30085
USD_CAD,2010-05-04,1.02437,1.03557,1.02328,1.03073,39490
USD_CAD,2010-05-05,1.03071,1.07446,1.02824,1.05259,83709
USD_CAD,2010-05-06,1.05232,1.05714,1.03399,1.04404,94900
USD_CAD,2010-05-07,1.04407,1.04412,1.04387,1.04387,3
USD_CAD,2010-05-08,1.04387,1.04455,1.03422,1.03478,675
USD_CAD,2010-05-09,1.03495,1.03934,1.02105,1.02316,61818
USD_CAD,2010-05-10,1.02312,1.02884,1.01495,1.02203,49038
USD_CAD,2010-05-11,1.02199,1.0247,1.01535,1.01919,41390
USD_CAD,2010-05-12,1.01925,1.02085,1.01102,1.02002,36132
USD_CAD,2010-05-13,1.01995,1.03783,1.01953,1.03564,46522
USD_CAD,2010-05-14,1.03573,1.03573,1.03538,1.03538,2
USD_CAD,2010-05-15,1.03448,1.03448,1.03364,1.03364,48
USD_CAD,2010-05-16,1.03438,1.04388,1.03187,1.03254,55528
USD_CAD,2010-05-17,1.0324,1.04096,1.02466,1.03934,57060
USD_CAD,2010-05-18,1.03908,1.05384,1.03815,1.04377,83244
USD_CAD,2010-05-19,1.04379,1.07201,1.04044,1.07017,84847
USD_CAD,2010-05-20,1.0702,1.07504,1.05519,1.05955,90750
USD_CAD,2010-05-21,1.05977,1.05977,1.05972,1.05972,2
USD_CAD,2010-05-22,1.05956,1.06103,1.05879,1.06072,216
USD_CAD,2010-05-23,1.06075,1.06608,1.05346,1.06262,57258
USD_CAD,2010-05-24,1.0626,1.08548,1.06241,1.0675,79752
USD_CAD,2010-05-25,1.06735,1.07452,1.0581,1.07096,64710
USD_CAD,2010-05-26,1.07105,1.07191,1.04813,1.04819,59220
USD_CAD,2010-05-27,1.04808,1.05602,1.04433,1.05463,55786
USD_CAD,2010-05-28,1.05469,1.05469,1.05469,1.05469,1
USD_CAD,2010-05-29,1.05265,1.05298,1.05225,1.05245,44
USD_CAD,2010-05-30,1.05251,1.05538,1.04129,1.0445,23326
USD_CAD,2010-05-31,1.04446,1.05624,1.0422,1.05517,63089
USD_CAD,2010-06-01,1.05555,1.05718,1.03719,1.03829,55743
USD_CAD,2010-06-02,1.03841,1.04632,1.03339,1.04025,47745
USD_CAD,2010-06-03,1.04028,1.06289,1.03523,1.06282,53426
USD_CAD,2010-06-04,1.06297,1.06297,1.06264,1.06264,4
USD_CAD,2010-06-05,1.06177,1.06281,1.06105,1.06278,189
USD_CAD,2010-06-06,1.06269,1.06796,1.05156,1.06166,54672
USD_CAD,2010-06-07,1.06148,1.06182,1.04696,1.04748,58334
USD_CAD,2010-06-08,1.04755,1.05166,1.03649,1.04456,42982
USD_CAD,2010-06-09,1.0446,1.0454,1.02879,1.02973,48270
USD_CAD,2010-06-10,1.0297,1.03892,1.0297,1.03221,47922
USD_CAD,2010-06-11,1.03244,1.03244,1.03244,1.03244,1
USD_CAD,2010-06-12,1.03204,1.03302,1.03067,1.03176,277
USD_CAD,2010-06-13,1.03186,1.03498,1.02245,1.03385,41095
USD_CAD,2010-06-14,1.03389,1.03615,1.0242,1.02535,42644
USD_CAD,2010-06-15,1.02538,1.03234,1.02243,1.02429,36202
USD_CAD,2010-06-16,1.02423,1.03384,1.02245,1.02831,42264
USD_CAD,2010-06-17,1.02828,1.03129,1.02073,1.02181,33285
USD_CAD,2010-06-18,1.02188,1.02188,1.02188,1.02188,1
USD_CAD,2010-06-19,1.02188,1.02344,1.01697,1.01884,1496
USD_CAD,2010-06-20,1.01893,1.0261,1.0139,1.02425,36655
USD_CAD,2010-06-21,1.02423,1.02958,1.01817,1.02958,38232
USD_CAD,2010-06-22,1.02955,1.04603,1.02728,1.03979,53734
USD_CAD,2010-06-23,1.03985,1.04699,1.03744,1.04298,44446
USD_CAD,2010-06-24,1.04287,1.04428,1.03404,1.03525,42045
USD_CAD,2010-06-26,1.03554,1.03558,1.03311,1.03418,88
USD_CAD,2010-06-27,1.0342,1.03724,1.03208,1.0358,34802
USD_CAD,2010-06-28,1.03578,1.05772,1.0343,1.05597,52986
USD_CAD,2010-06-29,1.05594,1.06486,1.04672,1.06389,50292
USD_CAD,2010-06-30,1.06377,1.06748,1.05782,1.05966,63568
USD_CAD,2010-07-01,1.05962,1.06686,1.0557,1.06239,51056
USD_CAD,2010-07-03,1.06243,1.06243,1.0611,1.06184,44
USD_CAD,2010-07-04,1.06187,1.06772,1.05764,1.06336,21119
USD_CAD,2010-07-05,1.06319,1.06774,1.0486,1.05444,42090
USD_CAD,2010-07-06,1.05447,1.06062,1.0464,1.04666,40772
USD_CAD,2010-07-07,1.04654,1.04875,1.03797,1.04206,36349
USD_CAD,2010-07-08,1.04202,1.04552,1.02978,1.03381,32208
USD_CAD,2010-07-09,1.03383,1.03383,1.03383,1.03383,1
USD_CAD,2010-07-10,1.03277,1.03362,1.03217,1.03225,174
USD_CAD,2010-07-11,1.03222,1.03865,1.0301,1.03714,28945
USD_CAD,2010-07-12,1.03716,1.0386,1.02769,1.02997,30986
USD_CAD,2010-07-13,1.02994,1.03708,1.0286,1.03261,31351
USD_CAD,2010-07-14,1.03234,1.04431,1.02832,1.03823,39402
USD_CAD,2010-07-15,1.03825,1.0584,1.03798,1.05827,37344
USD_CAD,2010-07-16,1.05802,1.05802,1.05772,1.05772,3
USD_CAD,2010-07-17,1.05672,1.05706,1.05627,1.05646,76
USD_CAD,2010-07-18,1.05528,1.05812,1.04994,1.05494,31954
USD_CAD,2010-07-19,1.05489,1.05862,1.04311,1.04348,39125
USD_CAD,2010-07-20,1.04346,1.05024,1.03518,1.04907,39318
USD_CAD,2010-07-21,1.04904,1.05038,1.0356,1.03715,38115
USD_CAD,2010-07-22,1.03656,1.0439,1.03468,1.03586,35506
USD_CAD,2010-07-24,1.03638,1.03864,1.03613,1.03802,127
USD_CAD,2010-07-25,1.03797,1.03884,1.03034,1.03225,30497
USD_CAD,2010-07-26,1.03221,1.03955,1.02569,1.03537,33279
USD_CAD,2010-07-27,1.03527,1.0391,1.02988,1.03885,36270
USD_CAD,2010-07-28,1.03881,1.0392,1.03036,1.03664,34242
USD_CAD,2010-07-29,1.03537,1.03761,1.02649,1.02969,40409
USD_CAD,2010-07-31,1.02956,1.02956,1.0287,1.02875,17
USD_CAD,2010-08-01,1.02872,1.03018,1.0205,1.02295,27949
USD_CAD,2010-08-02,1.02297,1.02741,1.02199,1.02346,28020
USD_CAD,2010-08-03,1.02342,1.02718,1.01631,1.01824,28392
USD_CAD,2010-08-04,1.01826,1.01876,1.01076,1.01679,29533
USD_CAD,2010-08-05,1.01688,1.03063,1.01473,1.02726,34999
USD_CAD,2010-08-07,1.02726,1.02726,1.02657,1.02683,42
USD_CAD,2010-08-08,1.0267,1.02998,1.02563,1.02701,20747
USD_CAD,2010-08-09,1.02708,1.03882,1.02682,1.03141,33640
USD_CAD,2010-08-10,1.03144,1.04741,1.0303,1.04628,38912
USD_CAD,2010-08-11,1.04618,1.0494,1.04212,1.04232,37253
USD_CAD,2010-08-12,1.0423,1.04392,1.03508,1.04185,30198
USD_CAD,2010-08-14,1.0409,1.04176,1.0409,1.04143,48
USD_CAD,2010-08-15,1.04145,1.04653,1.03713,1.04345,29299
USD_CAD,2010-08-16,1.04323,1.04393,1.03088,1.03208,32599
USD_CAD,2010-08-17,1.03195,1.03416,1.0271,1.02955,33568
USD_CAD,2010-08-18,1.0296,1.04164,1.0248,1.04039,37621
USD_CAD,2010-08-19,1.04075,1.0515,1.03826,1.04747,32754
USD_CAD,2010-08-21,1.04971,1.05023,1.04857,1.0494,236
USD_CAD,2010-08-22,1.04942,1.053,1.04448,1.05215,27051
USD_CAD,2010-08-23,1.05205,1.06643,1.05122,1.06144,45484
USD_CAD,2010-08-24,1.06149,1.0668,1.05744,1.05962,38979
USD_CAD,2010-08-25,1.05953,1.06055,1.05219,1.05789,34969
USD_CAD,2010-08-26,1.05782,1.06495,1.05061,1.05078,38978
USD_CAD,2010-08-28,1.05097,1.05222,1.04925,1.04932,555
USD_CAD,2010-08-29,1.0495,1.06047,1.04726,1.05996,27760
USD_CAD,2010-08-30,1.0601,1.06734,1.05753,1.06561,41948
USD_CAD,2010-08-31,1.0655,1.06569,1.04846,1.0497,38817
USD_CAD,2010-09-01,1.04968,1.05554,1.04716,1.05228,34739
USD_CAD,2010-09-02,1.05245,1.0569,1.0382,1.03877,34059
USD_CAD,2010-09-03,1.03883,1.03883,1.03883,1.03883,1
USD_CAD,2010-09-04,1.03932,1.04167,1.03932,1.03983,133
USD_CAD,2010-09-05,1.03986,1.04038,1.03407,1.03538,13006
USD_CAD,2010-09-06,1.03535,1.0482,1.03497,1.04788,31903
USD_CAD,2010-09-07,1.04792,1.05088,1.03463,1.03745,34737
USD_CAD,2010-09-08,1.0373,1.03946,1.03019,1.03396,26555
USD_CAD,2010-09-09,1.03398,1.03745,1.02875,1.03699,28980
USD_CAD,2010-09-11,1.03699,1.03712,1.03237,1.03352,635
USD_CAD,2010-09-12,1.03342,1.0346,1.02659,1.02718,25169
USD_CAD,2010-09-13,1.02716,1.03058,1.02168,1.02763,32767
USD_CAD,2010-09-14,1.02757,1.0321,1.02519,1.0262,34616
USD_CAD,2010-09-15,1.02613,1.02908,1.02399,1.0266,25775
USD_CAD,2010-09-16,1.02653,1.03504,1.02167,1.03296,30223
USD_CAD,2010-09-17,1.03308,1.0333,1.03308,1.0333,3
USD_CAD,2010-09-18,1.03292,1.03292,1.03225,1.03225,24
USD_CAD,2010-09-19,1.03222,1.03472,1.02619,1.02823,23232
USD_CAD,2010-09-20,1.02819,1.0331,1.02166,1.02682,34876
USD_CAD,2010-09-21,1.02667,1.03588,1.01917,1.03072,41361
USD_CAD,2010-09-22,1.03056,1.03798,1.02844,1.03422,36526
USD_CAD,2010-09-23,1.03425,1.03554,1.02263,1.0241,33348
USD_CAD,2010-09-25,1.02467,1.02473,1.02454,1.02454,10
USD_CAD,2010-09-26,1.02462,1.02984,1.02234,1.0292,29432
USD_CAD,2010-09-27,1.02922,1.03618,1.02831,1.02971,38073
USD_CAD,2010-09-28,1.02966,1.03417,1.02406,1.0326,36661
USD_CAD,2010-09-29,1.0325,1.03458,1.02312,1.02925,44642
USD_CAD,2010-09-30,1.02935,1.03139,1.01877,1.01966,39787
USD_CAD,2010-10-01,1.0197,1.0197,1.0197,1.0197,1
USD_CAD,2010-10-02,1.01988,1.02054,1.01904,1.01907,103
USD_CAD,2010-10-03,1.019,1.02446,1.01806,1.02392,31882
USD_CAD,2010-10-04,1.02381,1.0273,1.01543,1.0158,32839
USD_CAD,2010-10-05,1.01577,1.0167,1.00626,1.01113,34794
USD_CAD,2010-10-06,1.01119,1.02114,1.00782,1.01749,34633
USD_CAD,2010-10-07,1.01734,1.02303,1.00919,1.01109,37653
USD_CAD,2010-10-09,1.01057,1.0118,1.00978,1.01012,155
USD_CAD,2010-10-10,1.01014,1.01503,1.00926,1.01372,20636
USD_CAD,2010-10-11,1.0137,1.01833,1.00898,1.01011,33367
USD_CAD,2010-10-12,1.01014,1.01058,1.00117,1.00334,27331
USD_CAD,2010-10-13,1.00337,1.00742,0.99807,1.004,33491
USD_CAD,2010-10-14,1.0041,1.01393,1.00129,1.01035,42597
USD_CAD,2010-10-16,1.01021,1.01265,1.00926,1.01199,616
USD_CAD,2010-10-17,1.01204,1.02282,1.01183,1.01721,33477
USD_CAD,2010-10-18,1.01724,1.03736,1.01622,1.0336,41417
USD_CAD,2010-10-19,1.03356,1.03494,1.02075,1.02103,40960
USD_CAD,2010-10-20,1.02098,1.03022,1.01685,1.02672,46025
USD_CAD,2010-10-21,1.0267,1.03022,1.02235,1.02585,32727
USD_CAD,2010-10-22,1.02573,1.02573,1.02573,1.02573,1
USD_CAD,2010-10-23,1.02602,1.02619,1.02458,1.02545,237
USD_CAD,2010-10-24,1.0255,1.02687,1.01548,1.01995,31335
USD_CAD,2010-10-25,1.01999,1.02666,1.01816,1.02387,36071
USD_CAD,2010-10-26,1.02389,1.03395,1.02264,1.0281,37264
USD_CAD,2010-10-27,1.02814,1.02866,1.01817,1.0211,32184
USD_CAD,2010-10-28,1.02113,1.02486,1.01692,1.0194,34240
USD_CAD,2010-10-30,1.0209,1.0222,1.019,1.01926,423
USD_CAD,2010-10-31,1.01939,1.02029,1.01269,1.01524,30157
USD_CAD,2010-11-01,1.01527,1.01734,1.00817,1.00817,31384
USD_CAD,2010-11-02,1.00814,1.01566,1.00471,1.00525,40686
USD_CAD,2010-11-03,1.0052,1.01278,1.00104,1.00215,34462
USD_CAD,2010-11-04,1.00212,1.0092,0.9992,1.00027,34256
USD_CAD,2010-11-05,1.00007,1.00007,1.00007,1.00007,1
USD_CAD,2010-11-06,1.00036,1.00149,1.00026,1.00048,428
USD_CAD,2010-11-07,1.00055,1.00551,0.99946,1.00354,28129
USD_CAD,2010-11-08,1.00352,1.00944,0.99801,1.00801,38528
USD_CAD,2010-11-09,1.00807,1.00921,0.99936,1.00093,45151
USD_CAD,2010-11-10,1.00095,1.00724,0.99778,1.00332,33603
USD_CAD,2010-11-11,1.00341,1.01461,1.00278,1.01235,42647
USD_CAD,2010-11-12,1.01245,1.01245,1.01245,1.01245,1
USD_CAD,2010-11-13,1.01069,1.01295,1.01053,1.01089,355
USD_CAD,2010-11-14,1.01136,1.01394,1.0057,1.00985,32908
USD_CAD,2010-11-15,1.01077,1.02542,1.00698,1.02232,45221
USD_CAD,2010-11-16,1.02246,1.02619,1.01814,1.0246,35673
USD_CAD,2010-11-17,1.02465,1.02476,1.01556,1.01898,33289
USD_CAD,2010-11-18,1.01905,1.0234,1.01644,1.01685,27878
USD_CAD,2010-11-19,1.01695,1.01695,1.01693,1.01693,2
USD_CAD,2010-11-20,1.01699,1.01836,1.01635,1.01672,279
USD_CAD,2010-11-21,1.01674,1.02172,1.01221,1.01872,26215
USD_CAD,2010-11-22,1.01875,1.02642,1.01631,1.02468,40636
USD_CAD,2010-11-23,1.02464,1.02464,1.00916,1.00989,35929
USD_CAD,2010-11-24,1.00998,1.01239,1.00776,1.00922,18448
USD_CAD,2010-11-25,1.0092,1.02474,1.00856,1.02125,29688
USD_CAD,2010-11-26,1.02142,1.02142,1.02138,1.02138,2
USD_CAD,2010-11-27,1.02168,1.02185,1.01468,1.01674,814
USD_CAD,2010-11-28,1.01677,1.02582,1.01675,1.01805,31219
USD_CAD,2010-11-29,1.01798,1.02868,1.01716,1.02644,43751
USD_CAD,2010-11-30,1.02646,1.02722,1.01432,1.01702,38470
USD_CAD,2010-12-01,1.01706,1.019,1.0026,1.00268,41614
USD_CAD,2010-12-02,1.00264,1.00807,1.00031,1.00399,33357
USD_CAD,2010-12-03,1.00391,1.00409,1.00391,1.00409,4
USD_CAD,2010-12-04,1.00427,1.00436,1.00228,1.00362,226
USD_CAD,2010-12-05,1.00351,1.00833,1.00221,1.00565,26773
USD_CAD,2010-12-06,1.00575,1.01262,1.0012,1.01238,30966
USD_CAD,2010-12-07,1.0126,1.01409,1.00636,1.0112,33366
USD_CAD,2010-12-08,1.01085,1.01262,1.0067,1.01062,31133
USD_CAD,2010-12-09,1.0105,1.01167,1.00839,1.00903,21648
USD_CAD,2010-12-11,1.00895,1.01045,1.00895,1.0102,78
USD_CAD,2010-12-12,1.01024,1.01079,1.00277,1.00737,20428
USD_CAD,2010-12-13,1.0074,1.01115,1.00289,1.00617,27581
USD_CAD,2010-12-14,1.00627,1.00954,1.00015,1.00494,32154
USD_CAD,2010-12-15,1.00505,1.00753,1.00326,1.00621,24800
USD_CAD,2010-12-16,1.006,1.01468,1.00386,1.01402,23622
USD_CAD,2010-12-17,1.01397,1.01413,1.01391,1.01391,4
USD_CAD,2010-12-18,1.01371,1.01373,1.01196,1.01279,155
USD_CAD,2010-12-19,1.01287,1.02084,1.01025,1.01675,19630
USD_CAD,2010-12-20,1.01696,1.02067,1.01514,1.01702,19712
USD_CAD,2010-12-21,1.01704,1.01784,1.01114,1.01325,17301
USD_CAD,2010-12-22,1.0133,1.01654,1.00714,1.00929,15461
USD_CAD,2010-12-23,1.00925,1.01153,1.00507,1.0084,9512
USD_CAD,2010-12-25,1.00788,1.0089,1.00735,1.00815,108
USD_CAD,2010-12-26,1.00812,1.0111,1.00586,1.00685,7567
USD_CAD,2010-12-27,1.00711,1.00722,0.99755,1.00103,17477
USD_CAD,2010-12-28,1.0011,1.00562,0.99752,1.0008,15590
USD_CAD,2010-12-29,1.00085,1.00226,0.99915,1.00003,12704
USD_CAD,2010-12-30,0.99998,1.00078,0.99259,0.99795,14126
USD_CAD,2010-12-31,0.99767,0.99767,0.99765,0.99765,2
USD_CAD,2011-01-01,0.99733,0.99733,0.99418,0.99488,368
USD_CAD,2011-01-02,0.99483,0.99534,0.98898,0.99389,12301
USD_CAD,2011-01-03,0.99401,1.00344,0.99176,0.99835,22157
USD_CAD,2011-01-04,0.99839,1.00236,0.99342,0.99569,27462
USD_CAD,2011-01-05,0.99567,0.9994,0.99259,0.99665,25220
USD_CAD,2011-01-06,0.99667,1.00044,0.98998,0.99355,30884
USD_CAD,2011-01-08,0.9929,0.99405,0.99159,0.99324,496
USD_CAD,2011-01-09,0.99329,0.99842,0.99117,0.99335,21245
USD_CAD,2011-01-10,0.9933,0.99502,0.98926,0.99039,23594
USD_CAD,2011-01-11,0.99035,0.99128,0.98488,0.98567,27847
USD_CAD,2011-01-12,0.98577,0.99092,0.98541,0.98916,25758
USD_CAD,2011-01-13,0.98935,0.99773,0.98861,0.9909,29251
USD_CAD,2011-01-14,0.991,0.991,0.991,0.991,1
USD_CAD,2011-01-15,0.9915,0.9918,0.98803,0.98818,296
USD_CAD,2011-01-16,0.9881,0.99016,0.98566,0.98705,16698
USD_CAD,2011-01-17,0.987,0.9935,0.98378,0.99124,26195
USD_CAD,2011-01-18,0.99133,0.99665,0.98891,0.99576,25883
USD_CAD,2011-01-19,0.99578,1.00311,0.99498,0.99732,34199
USD_CAD,2011-01-20,0.99726,0.99882,0.99091,0.99318,24049
USD_CAD,2011-01-21,0.99326,0.99326,0.99316,0.99316,3
USD_CAD,2011-01-22,0.99404,0.9941,0.99299,0.99353,90
USD_CAD,2011-01-23,0.99351,0.99827,0.9919,0.99351,18966
USD_CAD,2011-01-24,0.99366,1.00043,0.99118,0.99685,26435
USD_CAD,2011-01-25,0.99689,0.99814,0.99368,0.99405,25207
USD_CAD,2011-01-26,0.99416,0.99867,0.99267,0.99345,25987
USD_CAD,2011-01-27,0.99365,1.00172,0.99349,1.00115,24371
USD_CAD,2011-01-28,1.00115,1.00115,1.00115,1.00115,12
USD_CAD,2011-01-29,1.00115,1.00189,1.00033,1.00168,539
USD_CAD,2011-01-30,1.0017,1.00578,0.99627,1.00095,26038
USD_CAD,2011-01-31,1.00093,1.001,0.99004,0.99059,21821
USD_CAD,2011-02-01,0.99061,0.99162,0.98607,0.98789,17690
USD_CAD,2011-02-02,0.98795,0.99221,0.98659,0.9911,17326
USD_CAD,2011-02-03,0.99106,0.9979,0.98319,0.9873,25191
USD_CAD,2011-02-04,0.9873,0.9873,0.9873,0.9873,12
USD_CAD,2011-02-05,0.9873,0.98971,0.9873,0.98821,337
USD_CAD,2011-02-06,0.98819,0.99124,0.98585,0.99083,19226
USD_CAD,2011-02-07,0.9908,0.99773,0.98691,0.99517,20379
USD_CAD,2011-02-08,0.99515,0.99561,0.99156,0.99379,17863
USD_CAD,2011-02-09,0.99381,0.99875,0.99327,0.99527,21483
USD_CAD,2011-02-10,0.99524,0.99864,0.98627,0.9874,20509
USD_CAD,2011-02-11,0.9874,0.9874,0.9874,0.9874,3
USD_CAD,2011-02-12,0.9874,0.98976,0.98735,0.98943,445
USD_CAD,2011-02-13,0.98953,0.99021,0.98165,0.98908,16173
USD_CAD,2011-02-14,0.98911,0.99024,0.98517,0.98977,16976
USD_CAD,2011-02-15,0.98979,0.99042,0.98466,0.98485,18787
USD_CAD,2011-02-16,0.98489,0.98591,0.98161,0.9843,15809
USD_CAD,2011-02-17,0.98426,0.98743,0.98188,0.98676,18368
USD_CAD,2011-02-18,0.98676,0.98676,0.98676,0.98676,12
USD_CAD,2011-02-19,0.98676,0.98676,0.98541,0.98545,100
USD_CAD,2011-02-20,0.98547,0.98722,0.98225,0.98301,9159
USD_CAD,2011-02-21,0.98304,0.99196,0.98238,0.99077,27698
USD_CAD,2011-02-22,0.99113,0.99592,0.98586,0.98951,25181
USD_CAD,2011-02-23,0.98949,0.99028,0.98166,0.98261,26691
USD_CAD,2011-02-24,0.98259,0.98324,0.97731,0.97747,15131
USD_CAD,2011-02-25,0.97743,0.97743,0.9774,0.9774,16
USD_CAD,2011-02-26,0.9774,0.98037,0.9774,0.97869,404
USD_CAD,2011-02-27,0.97871,0.97894,0.97102,0.97167,21774
USD_CAD,2011-02-28,0.97163,0.97553,0.96842,0.9747,22853
USD_CAD,2011-03-01,0.97474,0.97756,0.97084,0.9733,19392
USD_CAD,2011-03-02,0.97335,0.9753,0.97148,0.97206,17029
USD_CAD,2011-03-03,0.9721,0.97431,0.96999,0.97345,18423
USD_CAD,2011-03-04,0.97335,0.97335,0.9733,0.9733,2
USD_CAD,2011-03-05,0.9733,0.9734,0.97294,0.97333,160
USD_CAD,2011-03-06,0.9733,0.97434,0.97005,0.9733,13782
USD_CAD,2011-03-07,0.97333,0.97484,0.97077,0.97142,17615
USD_CAD,2011-03-08,0.9714,0.97153,0.96678,0.96848,14165
USD_CAD,2011-03-09,0.96845,0.97673,0.96835,0.97602,20689
USD_CAD,2011-03-10,0.97605,0.98024,0.97056,0.97315,23247
USD_CAD,2011-03-11,0.97315,0.97315,0.97315,0.97315,14
USD_CAD,2011-03-12,0.97315,0.97464,0.97065,0.97332,678
USD_CAD,2011-03-13,0.97328,0.97642,0.97107,0.9738,19041
USD_CAD,2011-03-14,0.97382,0.99742,0.97341,0.98595,47677
USD_CAD,2011-03-15,0.98629,0.99675,0.98072,0.99141,43693
USD_CAD,2011-03-16,0.99139,0.99519,0.98349,0.98477,39423
USD_CAD,2011-03-17,0.98479,0.98668,0.9803,0.98431,29390
USD_CAD,2011-03-18,0.98431,0.98431,0.98431,0.98431,12
USD_CAD,2011-03-19,0.98431,0.9853,0.98395,0.984915,139
USD_CAD,2011-03-20,0.984885,0.9856,0.97498,0.9779,21131
USD_CAD,2011-03-21,0.9778,0.98134,0.97471,0.98063,22568
USD_CAD,2011-03-22,0.98065,0.98438,0.97922,0.98154,21122
USD_CAD,2011-03-23,0.98156,0.98248,0.97316,0.97516,22509
USD_CAD,2011-03-24,0.97519,0.98274,0.97422,0.98032,19917
USD_CAD,2011-03-25,0.98037,0.98055,0.98037,0.98055,14
USD_CAD,2011-03-26,0.98055,0.98151,0.9782,0.98037,417
USD_CAD,2011-03-27,0.98042,0.98247,0.97419,0.97797,17289
USD_CAD,2011-03-28,0.97794,0.97854,0.97389,0.97443,17136
USD_CAD,2011-03-29,0.97441,0.97538,0.96866,0.97086,18982
USD_CAD,2011-03-30,0.97088,0.97293,0.96835,0.97056,19041
USD_CAD,2011-03-31,0.9705,0.97062,0.96266,0.96325,22769
USD_CAD,2011-04-01,0.9633,0.9633,0.9632,0.96325,14
USD_CAD,2011-04-02,0.96325,0.96419,0.96325,0.96388,121
USD_CAD,2011-04-03,0.96385,0.96872,0.96165,0.96697,14384
USD_CAD,2011-04-04,0.96694,0.96933,0.96276,0.96386,18287
USD_CAD,2011-04-05,0.96383,0.96419,0.95689,0.96081,17411
USD_CAD,2011-04-06,0.96079,0.96242,0.95706,0.9583,20855
USD_CAD,2011-04-07,0.95826,0.95944,0.9527,0.95543,22064
USD_CAD,2011-04-08,0.95545,0.95547,0.95545,0.95547,13
USD_CAD,2011-04-09,0.95547,0.95725,0.95518,0.95522,152
USD_CAD,2011-04-10,0.95524,0.95775,0.95426,0.95661,17237
USD_CAD,2011-04-11,0.95665,0.96578,0.95566,0.96346,29758
USD_CAD,2011-04-12,0.96343,0.96552,0.95857,0.96227,25131
USD_CAD,2011-04-13,0.96223,0.96695,0.95955,0.96113,27738
USD_CAD,2011-04-14,0.96115,0.96493,0.95917,0.95921,20927
USD_CAD,2011-04-15,0.9592,0.9592,0.9592,0.9592,11
USD_CAD,2011-04-16,0.9592,0.96041,0.95862,0.95897,266
USD_CAD,2011-04-17,0.959,0.97216,0.9587,0.9642,26705
USD_CAD,2011-04-18,0.96427,0.96669,0.95487,0.95613,24578
USD_CAD,2011-04-19,0.9561,0.95651,0.94978,0.95258,22512
USD_CAD,2011-04-20,0.95256,0.95375,0.94546,0.95317,23306
USD_CAD,2011-04-21,0.95321,0.9548,0.95197,0.95445,3802
USD_CAD,2011-04-22,0.95445,0.95445,0.95445,0.95445,13
USD_CAD,2011-04-23,0.95445,0.95445,0.95251,0.95251,88
USD_CAD,2011-04-24,0.95247,0.95612,0.95038,0.95438,13733
USD_CAD,2011-04-25,0.95436,0.95623,0.9496,0.95155,20752
USD_CAD,2011-04-26,0.95153,0.95764,0.94878,0.94972,25205
USD_CAD,2011-04-27,0.9497,0.95208,0.94652,0.95064,24011
USD_CAD,2011-04-28,0.95061,0.95496,0.94456,0.94501,21114
USD_CAD,2011-04-29,0.945,0.945,0.945,0.945,12
USD_CAD,2011-04-30,0.945,0.94621,0.945,0.94572,88
USD_CAD,2011-05-01,0.94567,0.95187,0.94469,0.9506,19840
USD_CAD,2011-05-02,0.95066,0.9542,0.94593,0.95264,26357
USD_CAD,2011-05-03,0.95261,0.96039,0.9505,0.95934,31112
USD_CAD,2011-05-04,0.95932,0.97128,0.9569,0.96695,41827
USD_CAD,2011-05-05,0.96693,0.9703,0.9574,0.9666,53450
USD_CAD,2011-05-06,0.9666,0.9666,0.9666,0.9666,12
USD_CAD,2011-05-07,0.9666,0.96707,0.96573,0.96672,168
USD_CAD,2011-05-08,0.96658,0.96962,0.96046,0.96178,34405
USD_CAD,2011-05-09,0.96176,0.96534,0.95678,0.95678,30040
USD_CAD,2011-05-10,0.95673,0.96389,0.95131,0.96201,34252
USD_CAD,2011-05-11,0.96203,0.96944,0.95979,0.9627,40345
USD_CAD,2011-05-12,0.96274,0.9744,0.96048,0.96857,36923
USD_CAD,2011-05-13,0.96857,0.96857,0.96857,0.96857,13
USD_CAD,2011-05-14,0.96857,0.96945,0.96848,0.96887,194
USD_CAD,2011-05-15,0.96896,0.97701,0.96839,0.97582,36920
USD_CAD,2011-05-16,0.97586,0.97934,0.97174,0.97219,38702
USD_CAD,2011-05-17,0.97221,0.97598,0.96973,0.97006,31727
USD_CAD,2011-05-18,0.97009,0.97141,0.96539,0.96757,30676
USD_CAD,2011-05-19,0.96759,0.97718,0.96416,0.97409,34036
USD_CAD,2011-05-20,0.97409,0.97409,0.97409,0.97409,12
USD_CAD,2011-05-21,0.97409,0.97409,0.97242,0.97407,64
USD_CAD,2011-05-22,0.97413,0.98101,0.97348,0.97792,31479
USD_CAD,2011-05-23,0.9779,0.9793,0.97543,0.97675,30290
USD_CAD,2011-05-24,0.97673,0.98163,0.97438,0.97691,31402
USD_CAD,2011-05-25,0.97678,0.98157,0.97568,0.97773,31843
USD_CAD,2011-05-26,0.97771,0.97983,0.97534,0.97618,25685
USD_CAD,2011-05-27,0.97618,0.97618,0.97618,0.97618,12
USD_CAD,2011-05-28,0.97618,0.97881,0.97618,0.97791,235
USD_CAD,2011-05-29,0.97794,0.97872,0.97523,0.97706,8698
USD_CAD,2011-05-30,0.97708,0.9772,0.9655,0.96842,28018
USD_CAD,2011-05-31,0.96848,0.97749,0.96675,0.97739,32354
USD_CAD,2011-06-01,0.97733,0.98096,0.9745,0.97591,35095
USD_CAD,2011-06-02,0.97587,0.98522,0.97446,0.97829,34221
USD_CAD,2011-06-03,0.97829,0.97829,0.97829,0.97829,12
USD_CAD,2011-06-04,0.97829,0.97832,0.97802,0.97832,45
USD_CAD,2011-06-05,0.97828,0.98172,0.97684,0.98093,26255
USD_CAD,2011-06-06,0.98096,0.98108,0.97319,0.97454,25550
USD_CAD,2011-06-07,0.97452,0.98208,0.97383,0.97933,30761
USD_CAD,2011-06-08,0.97939,0.98134,0.97239,0.97295,29457
USD_CAD,2011-06-09,0.97297,0.97991,0.97137,0.97984,31815
USD_CAD,2011-06-10,0.97984,0.98014,0.97984,0.98014,13
USD_CAD,2011-06-11,0.98014,0.98014,0.97866,0.97947,57
USD_CAD,2011-06-12,0.97945,0.98008,0.9754,0.97603,22729
USD_CAD,2011-06-13,0.97605,0.97721,0.96755,0.96821,23908
USD_CAD,2011-06-14,0.96819,0.9829,0.9671,0.97912,30948
USD_CAD,2011-06-15,0.97909,0.98985,0.97728,0.98121,39968
USD_CAD,2011-06-16,0.98119,0.98696,0.97759,0.97942,33307
USD_CAD,2011-06-17,0.97942,0.97942,0.97942,0.97942,12
USD_CAD,2011-06-18,0.97942,0.98192,0.97942,0.9818,67
USD_CAD,2011-06-19,0.98175,0.98494,0.97822,0.97985,25727
USD_CAD,2011-06-20,0.97982,0.98056,0.97108,0.9711,27797
USD_CAD,2011-06-21,0.97112,0.97535,0.97012,0.97387,29320
USD_CAD,2011-06-22,0.9739,0.98243,0.97138,0.979,38532
USD_CAD,2011-06-23,0.97903,0.98872,0.97706,0.98854,31712
USD_CAD,2011-06-24,0.98854,0.98854,0.98854,0.98854,12
USD_CAD,2011-06-25,0.98854,0.98854,0.98641,0.98682,217
USD_CAD,2011-06-26,0.98677,0.9913,0.9858,0.98609,28860
USD_CAD,2011-06-27,0.98607,0.98844,0.98114,0.98114,27691
USD_CAD,2011-06-28,0.98118,0.9825,0.969,0.96948,32072
USD_CAD,2011-06-29,0.96945,0.97055,0.96248,0.9634,27617
USD_CAD,2011-06-30,0.96337,0.96512,0.95806,0.95858,20330
USD_CAD,2011-07-01,0.95858,0.95858,0.95858,0.95858,12
USD_CAD,2011-07-02,0.95858,0.95998,0.95858,0.95964,126
USD_CAD,2011-07-03,0.95962,0.96181,0.95796,0.9611,11191
USD_CAD,2011-07-04,0.96112,0.96424,0.95942,0.96335,20349
USD_CAD,2011-07-05,0.9633,0.96947,0.96149,0.96532,23332
USD_CAD,2011-07-06,0.96529,0.96665,0.95695,0.95867,22240
USD_CAD,2011-07-07,0.95864,0.96657,0.95664,0.96213,25141
USD_CAD,2011-07-08,0.96213,0.96213,0.96213,0.96213,12
USD_CAD,2011-07-09,0.96213,0.96243,0.96027,0.96161,388
USD_CAD,2011-07-10,0.96164,0.96954,0.96156,0.96882,25814
USD_CAD,2011-07-11,0.96878,0.97788,0.96266,0.96658,41360
USD_CAD,2011-07-12,0.96656,0.96689,0.95783,0.95817,33107
USD_CAD,2011-07-13,0.95819,0.96169,0.95495,0.96055,35438
USD_CAD,2011-07-14,0.9606,0.96242,0.95207,0.95345,29576
USD_CAD,2011-07-15,0.95345,0.95345,0.95345,0.95345,12
USD_CAD,2011-07-16,0.95345,0.95466,0.95282,0.95466,149
USD_CAD,2011-07-17,0.95463,0.96356,0.95367,0.95973,28461
USD_CAD,2011-07-18,0.95971,0.96016,0.94826,0.95008,28907
USD_CAD,2011-07-19,0.95012,0.95132,0.94573,0.94744,23167
USD_CAD,2011-07-20,0.94746,0.94933,0.94236,0.94329,31530
USD_CAD,2011-07-21,0.94333,0.95303,0.94244,0.94787,25644
USD_CAD,2011-07-22,0.94787,0.94787,0.94787,0.94787,2
USD_CAD,2011-07-23,0.94787,0.94938,0.94735,0.94898,470
USD_CAD,2011-07-24,0.949,0.9525,0.94346,0.94712,20069
USD_CAD,2011-07-25,0.9471,0.9475,0.94066,0.94431,22154
USD_CAD,2011-07-26,0.94433,0.95061,0.94108,0.94982,24017
USD_CAD,2011-07-27,0.94979,0.9523,0.94577,0.94927,22727
USD_CAD,2011-07-28,0.94929,0.959,0.94866,0.9553,31342
USD_CAD,2011-07-29,0.9553,0.9553,0.9553,0.9553,12
USD_CAD,2011-07-30,0.9553,0.95679,0.95195,0.9539,462
USD_CAD,2011-07-31,0.95392,0.96054,0.94917,0.95709,30574
USD_CAD,2011-08-01,0.95706,0.96185,0.95479,0.96129,31040
USD_CAD,2011-08-02,0.96127,0.96471,0.95686,0.96213,37884
USD_CAD,2011-08-03,0.96217,0.98158,0.9603,0.98151,47567
USD_CAD,2011-08-04,0.98153,0.9854,0.97426,0.98201,65769
USD_CAD,2011-08-05,0.98201,0.98201,0.98131,0.98151,15
USD_CAD,2011-08-06,0.98151,0.9847,0.98041,0.98154,1812
USD_CAD,2011-08-07,0.98148,0.99452,0.97828,0.99447,70748
USD_CAD,2011-08-08,0.99452,1.00097,0.97694,0.97722,92951
USD_CAD,2011-08-09,0.97719,0.9954,0.9767,0.99484,73309
USD_CAD,2011-08-10,0.99486,0.99686,0.98407,0.98419,75802
USD_CAD,2011-08-11,0.98417,0.9919,0.98342,0.98713,45248
USD_CAD,2011-08-12,0.98713,0.98713,0.98713,0.98713,12
USD_CAD,2011-08-13,0.98713,0.98789,0.98679,0.98755,99
USD_CAD,2011-08-14,0.98757,0.99062,0.97918,0.97918,28621
USD_CAD,2011-08-15,0.97913,0.98721,0.97908,0.98231,32779
USD_CAD,2011-08-16,0.98229,0.98465,0.97754,0.98069,27505
USD_CAD,2011-08-17,0.98067,0.99386,0.97996,0.99044,39668
USD_CAD,2011-08-18,0.99042,0.99268,0.98266,0.9901,45265
USD_CAD,2011-08-19,0.9901,0.9901,0.9901,0.9901,12
USD_CAD,2011-08-20,0.9901,0.99073,0.9892,0.99073,77
USD_CAD,2011-08-21,0.99062,0.99188,0.98293,0.99046,33250
USD_CAD,2011-08-22,0.99044,0.99098,0.98498,0.98738,31098
USD_CAD,2011-08-23,0.98733,0.99054,0.98401,0.98716,28789
USD_CAD,2011-08-24,0.98712,0.98874,0.97918,0.98831,31020
USD_CAD,2011-08-25,0.98829,0.99243,0.98097,0.98141,33320
USD_CAD,2011-08-26,0.98141,0.98141,0.98141,0.98141,13
USD_CAD,2011-08-27,0.98141,0.98143,0.97928,0.97993,374
USD_CAD,2011-08-28,0.97995,0.98334,0.97408,0.97699,19866
USD_CAD,2011-08-29,0.97695,0.98172,0.9758,0.97785,24119
USD_CAD,2011-08-30,0.97782,0.98016,0.97256,0.97769,24903
USD_CAD,2011-08-31,0.97771,0.97964,0.97366,0.97679,26838
USD_CAD,2011-09-01,0.97676,0.98578,0.97543,0.98505,27853
USD_CAD,2011-09-02,0.98505,0.98505,0.98505,0.98505,12
USD_CAD,2011-09-03,0.98505,0.9866,0.98485,0.98644,301
USD_CAD,2011-09-04,0.98648,0.99326,0.98536,0.99065,17172
USD_CAD,2011-09-05,0.99058,0.99664,0.98644,0.99051,40778
USD_CAD,2011-09-06,0.99047,0.99113,0.98316,0.9833,28745
USD_CAD,2011-09-07,0.98326,0.98973,0.98302,0.98943,26749
USD_CAD,2011-09-08,0.9894,0.99789,0.98692,0.99666,32969
USD_CAD,2011-09-09,0.99666,0.99666,0.99666,0.99666,12
USD_CAD,2011-09-10,0.99666,0.99765,0.99584,0.99741,259
USD_CAD,2011-09-11,0.99743,1.00266,0.99162,0.99274,33038
USD_CAD,2011-09-12,0.9928,0.9977,0.98508,0.98569,41504
USD_CAD,2011-09-13,0.98571,0.99404,0.98466,0.98928,37639
USD_CAD,2011-09-14,0.9893,0.99506,0.98305,0.98357,29216
USD_CAD,2011-09-15,0.98359,0.98611,0.97804,0.97804,26341
USD_CAD,2011-09-16,0.97804,0.97804,0.97804,0.97804,12
USD_CAD,2011-09-17,0.97804,0.98125,0.97671,0.9812,800
USD_CAD,2011-09-18,0.98115,0.99234,0.98064,0.9907,29992
USD_CAD,2011-09-19,0.99066,0.99486,0.98827,0.99262,32762
USD_CAD,2011-09-20,0.99265,1.00886,0.99109,1.00809,38937
USD_CAD,2011-09-21,1.00812,1.03612,1.00526,1.02845,53685
USD_CAD,2011-09-22,1.02842,1.03491,1.02251,1.02795,48834
USD_CAD,2011-09-23,1.02795,1.02795,1.02795,1.02795,12
USD_CAD,2011-09-24,1.02795,1.02926,1.02574,1.02808,356
USD_CAD,2011-09-25,1.02803,1.03853,1.02512,1.02512,51488
USD_CAD,2011-09-26,1.02516,1.02811,1.0144,1.01933,36613
USD_CAD,2011-09-27,1.01928,1.03378,1.01924,1.03351,35066
USD_CAD,2011-09-28,1.03347,1.04024,1.02568,1.03588,38486
USD_CAD,2011-09-29,1.03594,1.0503,1.03522,1.05025,37049
USD_CAD,2011-09-30,1.05025,1.05025,1.05025,1.05025,12
USD_CAD,2011-10-01,1.05025,1.05025,1.0486,1.04906,392
USD_CAD,2011-10-02,1.0491,1.05482,1.04328,1.05464,44448
USD_CAD,2011-10-03,1.05468,1.06578,1.05114,1.05131,51928
USD_CAD,2011-10-04,1.05137,1.05718,1.03968,1.0402,40582
USD_CAD,2011-10-05,1.04024,1.04829,1.0371,1.0371,44784
USD_CAD,2011-10-06,1.03714,1.04187,1.02354,1.03956,36901
USD_CAD,2011-10-07,1.03956,1.03956,1.03956,1.03956,12
USD_CAD,2011-10-08,1.03956,1.04117,1.03894,1.03898,430
USD_CAD,2011-10-09,1.03902,1.03968,1.02514,1.02583,32139
USD_CAD,2011-10-10,1.02601,1.03386,1.02568,1.02997,34412
USD_CAD,2011-10-11,1.0299,1.03287,1.01335,1.01721,35104
USD_CAD,2011-10-12,1.01716,1.02728,1.01642,1.02093,39689
USD_CAD,2011-10-13,1.02089,1.02348,1.00967,1.0098,33189
USD_CAD,2011-10-14,1.0098,1.0098,1.0098,1.0098,12
USD_CAD,2011-10-15,1.0098,1.0121,1.0098,1.01116,94
USD_CAD,2011-10-16,1.01108,1.02375,1.00439,1.02347,31520
USD_CAD,2011-10-17,1.02351,1.02636,1.01118,1.01413,42738
USD_CAD,2011-10-18,1.01419,1.02168,1.00856,1.02058,34933
USD_CAD,2011-10-19,1.02063,1.02464,1.0132,1.01547,47289
USD_CAD,2011-10-20,1.01551,1.01882,1.0067,1.0068,31577
USD_CAD,2011-10-21,1.0068,1.0068,1.0068,1.0068,12
USD_CAD,2011-10-22,1.0068,1.01015,1.0068,1.00959,165
USD_CAD,2011-10-23,1.00965,1.01014,1.00222,1.00378,29667
USD_CAD,2011-10-24,1.00382,1.02128,0.99912,1.01668,41078
USD_CAD,2011-10-25,1.01672,1.0177,1.0037,1.00425,36842
USD_CAD,2011-10-26,1.0043,1.00514,0.98926,0.99092,41645
USD_CAD,2011-10-27,0.99097,0.99702,0.98956,0.99177,28672
USD_CAD,2011-10-28,0.99177,0.99177,0.99177,0.99177,12
USD_CAD,2011-10-29,0.99177,0.9926,0.99146,0.99174,52
USD_CAD,2011-10-30,0.99178,1.00275,0.99134,1.00077,33318
USD_CAD,2011-10-31,1.00073,1.0208,0.99747,1.02035,53214
USD_CAD,2011-11-01,1.02027,1.02232,1.01066,1.01353,40874
USD_CAD,2011-11-02,1.01358,1.02164,1.0055,1.00666,47783
USD_CAD,2011-11-03,1.00661,1.02285,1.0066,1.01875,37042
USD_CAD,2011-11-04,1.01875,1.01875,1.01875,1.01875,1
USD_CAD,2011-11-05,1.01875,1.01875,1.01678,1.01678,117
USD_CAD,2011-11-06,1.01674,1.0204,1.01241,1.01262,30289
USD_CAD,2011-11-07,1.01267,1.01822,1.00768,1.00876,31091
USD_CAD,2011-11-08,1.0088,1.02461,1.00788,1.02461,41569
USD_CAD,2011-11-09,1.02453,1.02662,1.01642,1.01694,38339
USD_CAD,2011-11-10,1.01677,1.02324,1.00963,1.0103,27797
USD_CAD,2011-11-11,1.0103,1.0103,1.0103,1.0103,1
USD_CAD,2011-11-12,1.01079,1.01223,1.00809,1.00822,268
USD_CAD,2011-11-13,1.00826,1.01948,1.00826,1.01678,32389
USD_CAD,2011-11-14,1.01683,1.0263,1.01594,1.02106,35640
USD_CAD,2011-11-15,1.0211,1.02878,1.01724,1.02451,41910
USD_CAD,2011-11-16,1.02455,1.02951,1.02084,1.02922,50535
USD_CAD,2011-11-17,1.02918,1.03019,1.01997,1.02772,34736
USD_CAD,2011-11-18,1.02772,1.02772,1.02772,1.02772,1
USD_CAD,2011-11-19,1.02711,1.02819,1.02707,1.02732,102
USD_CAD,2011-11-20,1.02727,1.0419,1.02704,1.04003,29614
USD_CAD,2011-11-21,1.03998,1.04132,1.03466,1.03828,28281
USD_CAD,2011-11-22,1.03822,1.04974,1.03747,1.04861,34382
USD_CAD,2011-11-23,1.04857,1.04922,1.04386,1.04704,17384
USD_CAD,2011-11-24,1.04699,1.05232,1.04392,1.04715,26005
USD_CAD,2011-11-25,1.04715,1.04715,1.04675,1.04675,3
USD_CAD,2011-11-26,1.04665,1.04736,1.0424,1.0424,546
USD_CAD,2011-11-27,1.04249,1.04481,1.03046,1.03411,28281
USD_CAD,2011-11-28,1.03406,1.03642,1.0259,1.03214,31807
USD_CAD,2011-11-29,1.03209,1.03634,1.0124,1.01741,41388
USD_CAD,2011-11-30,1.01745,1.02232,1.01368,1.0139,27531
USD_CAD,2011-12-01,1.01394,1.01972,1.00798,1.0194,26615
USD_CAD,2011-12-02,1.0194,1.0194,1.0194,1.0194,2
USD_CAD,2011-12-03,1.01926,1.01926,1.01575,1.01666,305
USD_CAD,2011-12-04,1.01673,1.01942,1.01213,1.01644,25641
USD_CAD,2011-12-05,1.01634,1.02071,1.00856,1.01005,28055
USD_CAD,2011-12-06,1.01,1.01332,1.00663,1.00989,25909
USD_CAD,2011-12-07,1.00985,1.02342,1.00524,1.0231,28883
USD_CAD,2011-12-08,1.02305,1.02626,1.01678,1.01708,30498
USD_CAD,2011-12-10,1.01738,1.02087,1.01738,1.0191,535
USD_CAD,2011-12-11,1.01906,1.02855,1.01842,1.02708,28293
USD_CAD,2011-12-12,1.02712,1.03495,1.0232,1.03425,29378
USD_CAD,2011-12-13,1.0342,1.04236,1.0327,1.03964,28932
USD_CAD,2011-12-14,1.03969,1.04054,1.03208,1.03503,31629
USD_CAD,2011-12-15,1.03507,1.04069,1.02981,1.03835,28619
USD_CAD,2011-12-17,1.03885,1.03912,1.03626,1.03676,92
USD_CAD,2011-12-18,1.0368,1.04152,1.03348,1.0389,24117
USD_CAD,2011-12-19,1.03894,1.03901,1.02636,1.02979,20012
USD_CAD,2011-12-20,1.02975,1.03096,1.02092,1.02663,26723
USD_CAD,2011-12-21,1.02658,1.02814,1.02017,1.02031,17439
USD_CAD,2011-12-22,1.02035,1.02148,1.01816,1.02068,11643
USD_CAD,2011-12-25,1.02075,1.02343,1.01843,1.02046,2685
USD_CAD,2011-12-26,1.02051,1.02162,1.01784,1.0186,9316
USD_CAD,2011-12-27,1.01864,1.02512,1.01268,1.02442,18186
USD_CAD,2011-12-28,1.02437,1.02692,1.01985,1.01994,17124
USD_CAD,2011-12-29,1.01998,1.02204,1.01576,1.02186,15467
USD_CAD,2011-12-31,1.0203,1.02228,1.01981,1.02112,263
USD_CAD,2012-01-01,1.02106,1.02133,1.01783,1.01884,3739
USD_CAD,2012-01-02,1.01879,1.01962,1.00764,1.0104,17059
USD_CAD,2012-01-03,1.01037,1.01621,1.01037,1.01273,19873
USD_CAD,2012-01-04,1.01278,1.02256,1.01212,1.01977,26722
USD_CAD,2012-01-05,1.01972,1.02861,1.01706,1.02851,21701
USD_CAD,2012-01-07,1.02865,1.02915,1.02766,1.02797,236
USD_CAD,2012-01-08,1.02792,1.03196,1.02264,1.0235,21595
USD_CAD,2012-01-09,1.02346,1.0241,1.01548,1.01549,18136
USD_CAD,2012-01-10,1.01545,1.02104,1.01398,1.01953,21869
USD_CAD,2012-01-11,1.01958,1.02115,1.01405,1.01908,24621
USD_CAD,2012-01-12,1.01912,1.02836,1.01636,1.02327,26477
USD_CAD,2012-01-14,1.0225,1.02473,1.02209,1.02473,196
USD_CAD,2012-01-15,1.02469,1.02534,1.0165,1.0179,15114
USD_CAD,2012-01-16,1.01794,1.01886,1.01128,1.01517,25955
USD_CAD,2012-01-17,1.01512,1.01775,1.0111,1.01116,27804
USD_CAD,2012-01-18,1.0112,1.01282,1.00713,1.01074,26309
USD_CAD,2012-01-19,1.01078,1.01606,1.01078,1.01328,21607
USD_CAD,2012-01-21,1.01324,1.01476,1.01323,1.01451,367
USD_CAD,2012-01-22,1.01446,1.01626,1.00528,1.00855,20252
USD_CAD,2012-01-23,1.00849,1.01414,1.00722,1.00896,17270
USD_CAD,2012-01-24,1.00903,1.01479,1.00287,1.00433,25683
USD_CAD,2012-01-25,1.00437,1.00485,0.99816,1.00173,21319
USD_CAD,2012-01-26,1.00177,1.00412,0.99882,1.00175,25632
USD_CAD,2012-01-27,1.00175,1.00175,1.00175,1.00175,1
USD_CAD,2012-01-28,1.00214,1.00252,1.00089,1.00152,145
USD_CAD,2012-01-29,1.00148,1.00704,1.00113,1.00148,19555
USD_CAD,2012-01-30,1.00152,1.00538,0.99656,1.00258,21908
USD_CAD,2012-01-31,1.00254,1.00484,0.99638,0.99863,19953
USD_CAD,2012-02-01,0.99868,1.00105,0.99689,0.99927,18874
USD_CAD,2012-02-02,0.99931,1.00332,0.99284,0.99341,18106
USD_CAD,2012-02-04,0.99406,0.99702,0.99406,0.99458,341
USD_CAD,2012-02-05,0.99454,0.99934,0.99291,0.99593,20494
USD_CAD,2012-02-06,0.99597,0.9995,0.99412,0.99454,19700
USD_CAD,2012-02-07,0.99449,0.99902,0.99354,0.996,15957
USD_CAD,2012-02-08,0.99596,0.99804,0.99256,0.99449,20287
USD_CAD,2012-02-09,0.99444,1.0039,0.99444,1.0013,18927
USD_CAD,2012-02-11,1.0013,1.00199,1.00061,1.00111,118
USD_CAD,2012-02-12,1.00116,1.00165,0.99723,0.99974,16380
USD_CAD,2012-02-13,0.99978,1.00272,0.99796,0.9991,17183
USD_CAD,2012-02-14,0.99916,1.00039,0.99388,0.99999,19686
USD_CAD,2012-02-15,0.99995,1.00514,0.99538,0.99666,23646
USD_CAD,2012-02-16,0.99661,0.99844,0.99416,0.99734,17296
USD_CAD,2012-02-18,0.99705,0.99719,0.99314,0.99318,511
USD_CAD,2012-02-19,0.99322,0.99424,0.9907,0.9935,10877
USD_CAD,2012-02-20,0.99355,0.9976,0.99248,0.99686,17132
USD_CAD,2012-02-21,0.9969,1.00195,0.99546,0.9998,18266
USD_CAD,2012-02-22,0.99984,1.00106,0.99538,0.99745,14892
USD_CAD,2012-02-23,0.9975,1.00032,0.99666,0.9994,16697
USD_CAD,2012-02-24,0.9994,0.9994,0.9994,0.9994,2
USD_CAD,2012-02-25,0.99936,1.0002,0.99806,0.99868,631
USD_CAD,2012-02-26,0.99863,1.00492,0.99769,0.99893,17230
USD_CAD,2012-02-27,0.99897,0.99949,0.99418,0.99539,17163
USD_CAD,2012-02-28,0.99544,0.99579,0.98448,0.98994,24347
USD_CAD,2012-02-29,0.98998,0.99025,0.98423,0.98551,17496
USD_CAD,2012-03-01,0.98555,0.98974,0.98487,0.98926,13117
USD_CAD,2012-03-02,0.98926,0.98926,0.98926,0.98926,1
USD_CAD,2012-03-03,0.98922,0.98945,0.98884,0.98943,48
USD_CAD,2012-03-04,0.98948,0.99596,0.98859,0.99465,13992
USD_CAD,2012-03-05,0.99461,1.00282,0.99371,1.00192,18272
USD_CAD,2012-03-06,1.00196,1.00252,0.99746,0.99748,15678
USD_CAD,2012-03-07,0.99752,0.99906,0.98934,0.99027,16705
USD_CAD,2012-03-08,0.99032,0.99361,0.98726,0.99072,16471
USD_CAD,2012-03-10,0.99089,0.99154,0.99006,0.99136,110
USD_CAD,2012-03-11,0.9914,0.99472,0.98991,0.99245,12098
USD_CAD,2012-03-12,0.99249,0.99311,0.98854,0.98858,14541
USD_CAD,2012-03-13,0.98862,0.99448,0.98815,0.99265,13889
USD_CAD,2012-03-14,0.99261,0.99489,0.99061,0.99182,15239
USD_CAD,2012-03-15,0.99178,0.9941,0.9901,0.99172,15189
USD_CAD,2012-03-16,0.99172,0.99172,0.99172,0.99172,1
USD_CAD,2012-03-17,0.99163,0.99185,0.98941,0.99135,281
USD_CAD,2012-03-18,0.9913,0.99306,0.98607,0.98689,9751
USD_CAD,2012-03-19,0.98694,0.9969,0.98646,0.99155,11703
USD_CAD,2012-03-20,0.99159,0.99354,0.9875,0.99225,13868
USD_CAD,2012-03-21,0.99219,1.00083,0.99122,0.99919,15235
USD_CAD,2012-03-22,0.99924,1.00344,0.99715,0.99777,14899
USD_CAD,2012-03-23,0.99777,0.99777,0.99777,0.99777,1
USD_CAD,2012-03-24,0.99865,0.99865,0.99776,0.9983,18
USD_CAD,2012-03-25,0.99826,0.99994,0.99063,0.99067,12411
USD_CAD,2012-03-26,0.99061,0.99561,0.99009,0.99486,10548
USD_CAD,2012-03-27,0.99491,1.00004,0.9947,0.99834,13810
USD_CAD,2012-03-28,0.99838,1.00188,0.99632,0.99645,16865
USD_CAD,2012-03-29,0.99649,0.99992,0.99534,0.99865,13576
USD_CAD,2012-03-30,0.99865,0.99865,0.99865,0.99865,1
USD_CAD,2012-03-31,0.99735,0.9981,0.99526,0.99591,671
USD_CAD,2012-04-01,0.99598,0.99906,0.98888,0.99055,15387
USD_CAD,2012-04-02,0.99051,0.99286,0.98887,0.99112,16922
USD_CAD,2012-04-03,0.99116,0.99736,0.99044,0.99629,16061
USD_CAD,2012-04-04,0.99625,0.99981,0.99074,0.99308,13948
USD_CAD,2012-04-05,0.99312,0.99859,0.99172,0.99709,6749
USD_CAD,2012-04-07,0.99703,0.99775,0.99675,0.9974,63
USD_CAD,2012-04-08,0.99733,1.00017,0.99448,0.99762,7341
USD_CAD,2012-04-09,0.99766,1.00451,0.99507,1.00442,15520
USD_CAD,2012-04-10,1.00449,1.00524,1.0009,1.00382,16958
USD_CAD,2012-04-11,1.00386,1.00424,0.99406,0.99432,16521
USD_CAD,2012-04-12,0.99428,0.99965,0.99268,0.99965,14180
USD_CAD,2012-04-13,0.99965,0.99965,0.99965,0.99965,2
USD_CAD,2012-04-14,0.99885,0.99935,0.99834,0.99899,61
USD_CAD,2012-04-15,0.99893,1.00326,0.99738,0.99937,16281
USD_CAD,2012-04-16,0.99933,1.00114,0.98654,0.9903,16401
USD_CAD,2012-04-17,0.99034,0.99238,0.98826,0.99118,13653
USD_CAD,2012-04-18,0.99122,0.99638,0.98802,0.99565,18603
USD_CAD,2012-04-19,0.99569,0.9959,0.98976,0.99237,12092
USD_CAD,2012-04-20,0.99237,0.99237,0.99237,0.99237,3
USD_CAD,2012-04-21,0.9923,0.99311,0.99193,0.99217,306
USD_CAD,2012-04-22,0.99221,0.99786,0.99059,0.9913,11171
USD_CAD,2012-04-23,0.99135,0.99292,0.98705,0.98709,11504
USD_CAD,2012-04-24,0.98704,0.98806,0.98234,0.98342,12962
USD_CAD,2012-04-25,0.98348,0.98472,0.9807,0.98442,10264
USD_CAD,2012-04-26,0.98437,0.98702,0.98006,0.98051,11610
USD_CAD,2012-04-27,0.98051,0.98051,0.98051,0.98051,1
USD_CAD,2012-04-28,0.98098,0.98135,0.98038,0.98095,100
USD_CAD,2012-04-29,0.98099,0.98946,0.98048,0.98722,8904
USD_CAD,2012-04-30,0.98718,0.9898,0.98332,0.98537,7039
USD_CAD,2012-05-01,0.9853,0.99038,0.98497,0.98631,9255
USD_CAD,2012-05-02,0.98626,0.98926,0.98287,0.98848,10063
USD_CAD,2012-05-03,0.98854,0.99632,0.98618,0.99592,15055
USD_CAD,2012-05-04,0.99592,0.99592,0.99592,0.99592,2
USD_CAD,2012-05-05,0.9951,0.99614,0.99236,0.99583,540
USD_CAD,2012-05-06,0.99579,0.99876,0.99271,0.99316,11173
USD_CAD,2012-05-07,0.9931,1.00224,0.9924,0.99867,14011
USD_CAD,2012-05-08,0.99862,1.0063,0.99848,1.00259,21584
USD_CAD,2012-05-09,1.00263,1.00312,0.99774,1.00208,15859
USD_CAD,2012-05-10,1.00212,1.00546,0.99544,1.00057,15885
USD_CAD,2012-05-11,1.00057,1.00057,1.00057,1.00057,1
USD_CAD,2012-05-12,1.00009,1.00046,0.99846,1.00018,289
USD_CAD,2012-05-13,1.00022,1.0053,0.99928,1.00373,13234
USD_CAD,2012-05-14,1.00369,1.00738,0.99901,1.00712,17155
USD_CAD,2012-05-15,1.00717,1.01324,1.00544,1.01226,22024
USD_CAD,2012-05-16,1.01226,1.0196,1.01049,1.01956,21914
USD_CAD,2012-05-17,1.0196,1.02272,1.01392,1.02226,23159
USD_CAD,2012-05-18,1.02226,1.02226,1.02226,1.02226,1
USD_CAD,2012-05-19,1.02183,1.02289,1.02162,1.02228,145
USD_CAD,2012-05-20,1.02223,1.02466,1.01654,1.01749,17616
USD_CAD,2012-05-21,1.01753,1.02346,1.01524,1.02057,17469
USD_CAD,2012-05-22,1.02061,1.02961,1.02045,1.02518,27057
USD_CAD,2012-05-23,1.02523,1.0296,1.02262,1.02682,26979
USD_CAD,2012-05-24,1.02686,1.03121,1.0247,1.02932,20113
USD_CAD,2012-05-26,1.02948,1.02989,1.02635,1.0266,276
USD_CAD,2012-05-27,1.02656,1.02718,1.02238,1.02388,10311
USD_CAD,2012-05-28,1.02392,1.02698,1.02076,1.02213,17868
USD_CAD,2012-05-29,1.02209,1.03112,1.02184,1.03013,26617
USD_CAD,2012-05-30,1.03017,1.0366,1.02622,1.03281,25341
USD_CAD,2012-05-31,1.03286,1.04427,1.03175,1.04106,31318
USD_CAD,2012-06-01,1.04106,1.04106,1.04106,1.04106,18
USD_CAD,2012-06-02,1.04002,1.04006,1.03856,1.03905,91
USD_CAD,2012-06-03,1.039,1.04463,1.03692,1.03938,22175
USD_CAD,2012-06-04,1.03942,1.04258,1.03616,1.03818,25010
USD_CAD,2012-06-05,1.03814,1.03836,1.02707,1.02758,24285
USD_CAD,2012-06-06,1.02762,1.02962,1.02106,1.02789,26232
USD_CAD,2012-06-07,1.02793,1.03548,1.02584,1.02699,25611
USD_CAD,2012-06-08,1.02699,1.02699,1.02699,1.02699,17
USD_CAD,2012-06-09,1.02699,1.02699,1.0216,1.02235,629
USD_CAD,2012-06-10,1.02239,1.0317,1.02015,1.03166,21563
USD_CAD,2012-06-11,1.0317,1.03258,1.02566,1.02644,26310
USD_CAD,2012-06-12,1.02648,1.03023,1.02418,1.03023,22515
USD_CAD,2012-06-13,1.03028,1.03028,1.0226,1.02265,24009
USD_CAD,2012-06-14,1.0227,1.02563,1.02161,1.02163,17441
USD_CAD,2012-06-15,1.02163,1.02163,1.02163,1.02163,17
USD_CAD,2012-06-16,1.02163,1.022,1.0206,1.02093,209
USD_CAD,2012-06-17,1.02088,1.02794,1.01926,1.02427,25042
USD_CAD,2012-06-18,1.02422,1.02441,1.0167,1.01781,21960
USD_CAD,2012-06-19,1.01777,1.02322,1.01597,1.01827,24331
USD_CAD,2012-06-20,1.01832,1.02973,1.01763,1.02969,27878
USD_CAD,2012-06-21,1.02973,1.03006,1.02423,1.02464,21394
USD_CAD,2012-06-22,1.02464,1.02464,1.02464,1.02464,21
USD_CAD,2012-06-23,1.02507,1.02739,1.02507,1.02722,84
USD_CAD,2012-06-24,1.02718,1.03178,1.02538,1.02924,17209
USD_CAD,2012-06-25,1.02928,1.02968,1.02332,1.02385,21036
USD_CAD,2012-06-26,1.0238,1.02677,1.02362,1.02495,17973
USD_CAD,2012-06-27,1.02491,1.03632,1.02325,1.03316,25046
USD_CAD,2012-06-28,1.03311,1.03422,1.01658,1.01658,32678
USD_CAD,2012-06-29,1.01658,1.01658,1.01658,1.01658,20
USD_CAD,2012-06-30,1.01658,1.01775,1.01635,1.0164,109
USD_CAD,2012-07-01,1.01644,1.02016,1.01561,1.01716,17546
USD_CAD,2012-07-02,1.01712,1.01728,1.01213,1.01219,15449
USD_CAD,2012-07-03,1.01224,1.01421,1.0121,1.01319,12127
USD_CAD,2012-07-04,1.01327,1.01572,1.01009,1.01421,22356
USD_CAD,2012-07-05,1.01425,1.0208,1.01403,1.01948,19828
USD_CAD,2012-07-06,1.01948,1.01948,1.01948,1.01948,1
USD_CAD,2012-07-07,1.0187,1.0209,1.0187,1.0207,188
USD_CAD,2012-07-08,1.02066,1.02211,1.01836,1.01916,15504
USD_CAD,2012-07-09,1.01921,1.023,1.01661,1.02256,16576
USD_CAD,2012-07-10,1.0226,1.0231,1.01736,1.01986,18253
USD_CAD,2012-07-11,1.01982,1.02498,1.01774,1.01911,20586
USD_CAD,2012-07-12,1.01907,1.02035,1.01299,1.01377,17019
USD_CAD,2012-07-13,1.01377,1.01377,1.01377,1.01377,1
USD_CAD,2012-07-14,1.01377,1.01449,1.0131,1.01355,79
USD_CAD,2012-07-15,1.01351,1.01731,1.01326,1.014945,12872
USD_CAD,2012-07-16,1.014965,1.01694,1.01196,1.01196,18322
USD_CAD,2012-07-17,1.01193,1.01494,1.01014,1.01026,15639
USD_CAD,2012-07-18,1.0103,1.01072,1.00662,1.007385,17139
USD_CAD,2012-07-19,1.007425,1.01308,1.00692,1.01279,17638
USD_CAD,2012-07-21,1.01279,1.0146,1.01279,1.01413,143
USD_CAD,2012-07-22,1.01409,1.02042,1.0129,1.0188,21190
USD_CAD,2012-07-23,1.01882,1.02271,1.0158,1.02207,21725
USD_CAD,2012-07-24,1.0221,1.02318,1.01394,1.015535,23510
USD_CAD,2012-07-25,1.015505,1.01662,1.00636,1.010225,24118
USD_CAD,2012-07-26,1.010255,1.0106,1.0031,1.00318,21195
USD_CAD,2012-07-28,1.00318,1.0055,1.00318,1.00447,106
USD_CAD,2012-07-29,1.00433,1.00535,1.00137,1.00166,15507
USD_CAD,2012-07-30,1.00161,1.00432,1.00036,1.00308,17539
USD_CAD,2012-07-31,1.00304,1.00572,1.0004,1.00555,17274
USD_CAD,2012-08-01,1.00558,1.00848,1.00025,1.00736,24001
USD_CAD,2012-08-02,1.00739,1.00766,0.99804,1.00141,19302
USD_CAD,2012-08-04,1.00141,1.00248,1.00072,1.00168,317
USD_CAD,2012-08-05,1.00164,1.00204,0.99839,1.00025,11158
USD_CAD,2012-08-06,1.00022,1.00121,0.9963,0.99694,12262
USD_CAD,2012-08-07,0.99699,0.9989,0.99368,0.99425,13848
USD_CAD,2012-08-08,0.99429,0.99508,0.99102,0.99108,15498
USD_CAD,2012-08-09,0.99113,0.99696,0.99066,0.99109,15035
USD_CAD,2012-08-10,0.99109,0.99109,0.99109,0.99109,1
USD_CAD,2012-08-11,0.99109,0.99249,0.99104,0.99169,99
USD_CAD,2012-08-12,0.99165,0.99402,0.99056,0.99258,10438
USD_CAD,2012-08-13,0.99254,0.99407,0.99071,0.99231,11428
USD_CAD,2012-08-14,0.99228,0.9935,0.98866,0.98938,10470
USD_CAD,2012-08-15,0.98935,0.98997,0.98603,0.9866,10465
USD_CAD,2012-08-16,0.98657,0.9901,0.98634,0.98942,10518
USD_CAD,2012-08-18,0.98942,0.98942,0.98868,0.98899,23
USD_CAD,2012-08-19,0.98899,0.99018,0.98756,0.98848,7931
USD_CAD,2012-08-20,0.98845,0.98997,0.98424,0.98921,11655
USD_CAD,2012-08-21,0.98916,0.9947,0.989,0.99141,14925
USD_CAD,2012-08-22,0.99137,0.99488,0.98856,0.99388,13037
USD_CAD,2012-08-23,0.99394,0.99475,0.99049,0.99208,12864
USD_CAD,2012-08-25,0.99208,0.99267,0.99134,0.99233,124
USD_CAD,2012-08-26,0.99238,0.99251,0.98905,0.99073,7008
USD_CAD,2012-08-27,0.99076,0.99178,0.98427,0.98827,11426
USD_CAD,2012-08-28,0.98824,0.9899,0.98664,0.98941,9474
USD_CAD,2012-08-29,0.98944,0.99316,0.98903,0.99244,10145
USD_CAD,2012-08-30,0.99241,0.99308,0.98524,0.98629,17182
USD_CAD,2012-09-01,0.98629,0.98798,0.98629,0.98777,253
USD_CAD,2012-09-02,0.98773,0.9878,0.98522,0.98585,6881
USD_CAD,2012-09-03,0.98582,0.98751,0.98431,0.98592,10733
USD_CAD,2012-09-04,0.98589,0.99185,0.98577,0.99051,14751
USD_CAD,2012-09-05,0.99048,0.99146,0.9809,0.98267,15817
USD_CAD,2012-09-06,0.98264,0.9835,0.97656,0.9788,14097
USD_CAD,2012-09-07,0.9788,0.9788,0.9788,0.9788,1
USD_CAD,2012-09-08,0.9788,0.9788,0.9777,0.9777,46
USD_CAD,2012-09-09,0.9776,0.97886,0.97546,0.97761,8273
USD_CAD,2012-09-10,0.97764,0.97774,0.97134,0.97308,12176
USD_CAD,2012-09-11,0.97315,0.97685,0.97154,0.97619,15095
USD_CAD,2012-09-12,0.97615,0.97746,0.96654,0.96843,17185
USD_CAD,2012-09-13,0.96846,0.97224,0.96333,0.97197,15410
USD_CAD,2012-09-14,0.97197,0.97197,0.97197,0.97197,1
USD_CAD,2012-09-15,0.97197,0.97197,0.97015,0.97021,75
USD_CAD,2012-09-16,0.97025,0.97601,0.96936,0.97473,10689
USD_CAD,2012-09-17,0.97476,0.97658,0.97312,0.97423,12816
USD_CAD,2012-09-18,0.97426,0.97642,0.97258,0.97454,12183
USD_CAD,2012-09-19,0.97457,0.98164,0.97457,0.97684,14255
USD_CAD,2012-09-20,0.97689,0.978,0.97317,0.9764,13373
USD_CAD,2012-09-22,0.9764,0.97657,0.97611,0.97638,37
USD_CAD,2012-09-23,0.97642,0.98183,0.97616,0.97872,11398
USD_CAD,2012-09-24,0.97868,0.98119,0.97566,0.98065,14399
USD_CAD,2012-09-25,0.98068,0.98602,0.98008,0.98553,15670
USD_CAD,2012-09-26,0.98546,0.98558,0.97917,0.98055,16510
USD_CAD,2012-09-27,0.98059,0.9852,0.97816,0.9836,17527
USD_CAD,2012-09-28,0.9836,0.9836,0.9836,0.9836,1
USD_CAD,2012-09-29,0.9836,0.98416,0.98351,0.9841,32
USD_CAD,2012-09-30,0.98406,0.98542,0.97983,0.98229,15194
USD_CAD,2012-10-01,0.98226,0.98434,0.98116,0.98416,13558
USD_CAD,2012-10-02,0.98413,0.98846,0.984,0.98759,15865
USD_CAD,2012-10-03,0.98764,0.98796,0.98003,0.98044,16921
USD_CAD,2012-10-04,0.98047,0.98124,0.97356,0.97863,14152
USD_CAD,2012-10-05,0.97863,0.97863,0.97863,0.97863,2
USD_CAD,2012-10-06,0.97863,0.9793,0.97739,0.97756,187
USD_CAD,2012-10-07,0.9776,0.98007,0.97517,0.97694,9968
USD_CAD,2012-10-08,0.97698,0.98079,0.97447,0.97827,14393
USD_CAD,2012-10-09,0.97824,0.9818,0.97685,0.98177,14290
USD_CAD,2012-10-10,0.98181,0.98348,0.97634,0.97855,13360
USD_CAD,2012-10-11,0.97852,0.98089,0.97685,0.98016,12628
USD_CAD,2012-10-13,0.98016,0.98016,0.97786,0.97885,69
USD_CAD,2012-10-14,0.9789,0.98116,0.97695,0.98072,11520
USD_CAD,2012-10-15,0.98068,0.9879,0.98024,0.98663,16574
USD_CAD,2012-10-16,0.98658,0.98712,0.97726,0.97786,14122
USD_CAD,2012-10-17,0.97783,0.98592,0.97644,0.98529,14224
USD_CAD,2012-10-18,0.98524,0.99397,0.9845,0.99357,13811
USD_CAD,2012-10-19,0.99357,0.99357,0.99357,0.99357,1
USD_CAD,2012-10-20,0.99357,0.99476,0.99357,0.9946,88
USD_CAD,2012-10-21,0.99455,0.99646,0.9917,0.99216,12606
USD_CAD,2012-10-22,0.9922,0.9976,0.9901,0.99239,16849
USD_CAD,2012-10-23,0.99246,0.99582,0.98891,0.99354,17681
USD_CAD,2012-10-24,0.99351,0.99547,0.99026,0.99484,16087
USD_CAD,2012-10-25,0.99487,0.99943,0.99424,0.99695,18095
USD_CAD,2012-10-27,0.99695,0.9984,0.99695,0.99795,107
USD_CAD,2012-10-28,0.9979,1.00114,0.99775,1.00103,7024
USD_CAD,2012-10-29,1.001,1.00194,0.99838,0.99938,6438
USD_CAD,2012-10-30,0.99935,1.0014,0.99606,0.99942,12386
USD_CAD,2012-10-31,0.99938,1.00132,0.99605,0.99645,11120
USD_CAD,2012-11-01,0.99648,0.99848,0.99222,0.99582,15548
USD_CAD,2012-11-02,0.99582,0.99582,0.99582,0.99582,2
USD_CAD,2012-11-03,0.9953,0.99595,0.99465,0.99575,53
USD_CAD,2012-11-04,0.99571,0.9977,0.99408,0.99636,9834
USD_CAD,2012-11-05,0.9964,0.99678,0.99115,0.99218,12080
USD_CAD,2012-11-06,0.99215,0.99834,0.98748,0.996685,25832
USD_CAD,2012-11-07,0.996645,1.00042,0.99478,1.00029,18896
USD_CAD,2012-11-08,1.00018,1.00334,0.99832,1.00161,18479
USD_CAD,2012-11-10,1.00075,1.00119,0.99973,1.00001,132
USD_CAD,2012-11-11,1.00007,1.00063,0.99854,0.99985,10407
USD_CAD,2012-11-12,0.99977,1.00356,0.99914,1.00231,15068
USD_CAD,2012-11-13,1.0022,1.00412,0.99984,1.00396,12630
USD_CAD,2012-11-14,1.0039,1.0042,1.00054,1.00099,13602
USD_CAD,2012-11-15,1.00096,1.0057,0.99973,1.00126,13858
USD_CAD,2012-11-17,1.00096,1.0011,1.00068,1.00082,25
USD_CAD,2012-11-18,1.00078,1.00181,0.99546,0.99627,10935
USD_CAD,2012-11-19,0.99632,0.99912,0.9956,0.996825,12268
USD_CAD,2012-11-20,0.997135,0.99924,0.99578,0.99633,11091
USD_CAD,2012-11-21,0.99627,0.99824,0.99527,0.99723,7102
USD_CAD,2012-11-22,0.99719,0.99817,0.99154,0.99293,8935
USD_CAD,2012-11-23,0.99293,0.99293,0.99293,0.99293,1
USD_CAD,2012-11-24,0.99289,0.99293,0.99264,0.99285,23
USD_CAD,2012-11-25,0.99273,0.99602,0.99178,0.99349,10063
USD_CAD,2012-11-26,0.99346,0.99484,0.9906,0.99445,11752
USD_CAD,2012-11-27,0.99432,0.99614,0.99186,0.99207,11690
USD_CAD,2012-11-28,0.99199,0.9939,0.99125,0.99233,10578
USD_CAD,2012-11-29,0.99266,0.99523,0.9922,0.99434,11423
USD_CAD,2012-11-30,0.99434,0.99434,0.99434,0.99434,1
USD_CAD,2012-12-01,0.99434,0.99434,0.99434,0.99434,1
USD_CAD,2012-12-02,0.99338,0.99529,0.99154,0.99514,9845
USD_CAD,2012-12-03,0.99501,0.99543,0.99156,0.99272,10616
USD_CAD,2012-12-04,0.9926,0.99414,0.99085,0.99172,10136
USD_CAD,2012-12-05,0.99154,0.99265,0.98927,0.99139,11531
USD_CAD,2012-12-06,0.99154,0.99334,0.98768,0.98836,10972
USD_CAD,2012-12-07,0.98836,0.98836,0.98836,0.98836,1
USD_CAD,2012-12-08,0.98836,0.98836,0.98836,0.98836,1
USD_CAD,2012-12-09,0.98719,0.98884,0.98638,0.9865,9794
USD_CAD,2012-12-10,0.98643,0.98804,0.98576,0.98614,8755
USD_CAD,2012-12-11,0.98617,0.98659,0.98264,0.984575,9157
USD_CAD,2012-12-12,0.98436,0.98558,0.98252,0.984755,11030
USD_CAD,2012-12-13,0.984935,0.98663,0.98326,0.98571,18811
USD_CAD,2012-12-15,0.98685,0.98694,0.98561,0.98631,155
USD_CAD,2012-12-16,0.98632,0.98816,0.98338,0.983495,19214
USD_CAD,2012-12-17,0.98341,0.98592,0.98326,0.98573,14407
USD_CAD,2012-12-18,0.985675,0.98878,0.98498,0.988675,17860
USD_CAD,2012-12-19,0.988875,0.98964,0.98698,0.98768,18631
USD_CAD,2012-12-20,0.987555,0.99532,0.98735,0.993315,22976
USD_CAD,2012-12-22,0.993405,0.99398,0.99326,0.99363,129
USD_CAD,2012-12-23,0.993635,0.99456,0.99102,0.99116,11059
USD_CAD,2012-12-25,0.99116,0.99514,0.99116,0.994335,5297
USD_CAD,2012-12-26,0.99429,0.99587,0.99088,0.995195,17268
USD_CAD,2012-12-27,0.995205,0.99711,0.99392,0.99676,17775
USD_CAD,2012-12-29,0.9968,0.99721,0.99635,0.996405,96
USD_CAD,2012-12-30,0.99641,0.99712,0.99113,0.994915,16851
USD_CAD,2013-01-01,0.992865,0.99287,0.98366,0.984805,25199
USD_CAD,2013-01-02,0.98492,0.9884,0.98429,0.987735,19747
USD_CAD,2013-01-03,0.98769,0.99235,0.98482,0.98725,24425
USD_CAD,2013-01-05,0.98757,0.98761,0.98646,0.98664,286
USD_CAD,2013-01-06,0.98662,0.98852,0.98538,0.985975,16538
USD_CAD,2013-01-07,0.98612,0.98825,0.98432,0.986725,18746
USD_CAD,2013-01-08,0.986775,0.9881,0.98554,0.987645,17676
USD_CAD,2013-01-09,0.98748,0.98808,0.98316,0.983195,21180
USD_CAD,2013-01-10,0.98318,0.98541,0.98154,0.984595,22094
USD_CAD,2013-01-12,0.984425,0.98454,0.98428,0.984285,147
USD_CAD,2013-01-13,0.984295,0.9866,0.98324,0.983725,17737
USD_CAD,2013-01-14,0.98378,0.9867,0.98322,0.984215,21188
USD_CAD,2013-01-15,0.98419,0.98774,0.98384,0.985985,21274
USD_CAD,2013-01-16,0.986025,0.98859,0.98434,0.985735,21522
USD_CAD,2013-01-17,0.985645,0.99467,0.98545,0.991765,27046
USD_CAD,2013-01-19,0.99196,0.99208,0.99186,0.992065,188
USD_CAD,2013-01-20,0.99204,0.99391,0.99098,0.9929,15996
USD_CAD,2013-01-21,0.99288,0.99462,0.99094,0.991885,23474
USD_CAD,2013-01-22,0.99185,1.00042,0.9904,0.99922,24494
USD_CAD,2013-01-23,0.99926,1.00364,0.99898,1.002615,26916
USD_CAD,2013-01-24,1.00246,1.01002,1.00214,1.00576,26736
USD_CAD,2013-01-25,1.00576,1.00576,1.00576,1.00576,1
USD_CAD,2013-01-26,1.00618,1.00662,1.00617,1.00651,234
USD_CAD,2013-01-27,1.00653,1.01002,1.0061,1.006115,20369
USD_CAD,2013-01-28,1.00629,1.00664,1.00081,1.000905,22192
USD_CAD,2013-01-29,1.000865,1.0053,1.00086,1.001355,23622
USD_CAD,2013-01-30,1.001455,1.00346,0.99576,0.997165,22298
USD_CAD,2013-01-31,0.997125,1.00047,0.9965,0.99654,24050
USD_CAD,2013-02-02,0.99654,0.99712,0.99654,0.996675,207
USD_CAD,2013-02-03,0.99678,0.99932,0.99482,0.99875,18597
USD_CAD,2013-02-04,0.99887,0.9995,0.99544,0.99557,21259
USD_CAD,2013-02-05,0.99577,0.99888,0.99491,0.99566,20885
USD_CAD,2013-02-06,0.99575,0.99943,0.99328,0.99791,21541
USD_CAD,2013-02-07,0.99795,1.0035,0.99712,1.002015,22905
USD_CAD,2013-02-08,1.002015,1.002015,1.002015,1.002015,1
USD_CAD,2013-02-10,1.002685,1.00844,1.00268,1.00483,33631
USD_CAD,2013-02-11,1.00485,1.00876,1.0021,1.002235,39175
USD_CAD,2013-02-12,1.002225,1.00446,1.00124,1.001845,31807
USD_CAD,2013-02-13,1.001565,1.00245,0.99995,1.000925,33889
USD_CAD,2013-02-14,1.000885,1.00828,1.00026,1.00639,41868
USD_CAD,2013-02-15,1.00639,1.00639,1.00639,1.00639,1
USD_CAD,2013-02-17,1.007295,1.01216,1.0058,1.01064,26468
USD_CAD,2013-02-18,1.010645,1.01376,1.0102,1.011335,36346
USD_CAD,2013-02-19,1.011375,1.01854,1.01102,1.01662,43783
USD_CAD,2013-02-20,1.016645,1.02078,1.01635,1.01852,47693
USD_CAD,2013-02-21,1.018615,1.0256,1.01596,1.021715,54961
USD_CAD,2013-02-24,1.02227,1.02776,1.02195,1.026025,61118
USD_CAD,2013-02-25,1.025985,1.03037,1.02414,1.0261,61048
USD_CAD,2013-02-26,1.026415,1.0277,1.02284,1.02292,50591
USD_CAD,2013-02-27,1.022855,1.03136,1.02168,1.030615,53140
USD_CAD,2013-02-28,1.030475,1.03426,1.02628,1.02666,61976
USD_CAD,2013-03-01,1.02666,1.02666,1.02666,1.02666,2
USD_CAD,2013-03-03,1.02744,1.03096,1.02694,1.027175,48659
USD_CAD,2013-03-04,1.02729,1.02934,1.02564,1.026875,49226
USD_CAD,2013-03-05,1.02708,1.03373,1.02552,1.03198,53241
USD_CAD,2013-03-06,1.032065,1.03294,1.02852,1.029425,49156
USD_CAD,2013-03-07,1.029465,1.03144,1.02346,1.028375,53172
USD_CAD,2013-03-08,1.028375,1.028375,1.028375,1.028375,1
USD_CAD,2013-03-10,1.028865,1.0295,1.02552,1.025925,35275
USD_CAD,2013-03-11,1.025895,1.02836,1.02492,1.025665,41548
USD_CAD,2013-03-12,1.025655,1.02952,1.02464,1.027605,43373
USD_CAD,2013-03-13,1.02757,1.02836,1.02119,1.022215,47706
USD_CAD,2013-03-14,1.022205,1.0231,1.0181,1.019345,48262
USD_CAD,2013-03-15,1.019345,1.019345,1.019345,1.019345,1
USD_CAD,2013-03-17,1.02233,1.02506,1.02041,1.02208,55483
USD_CAD,2013-03-18,1.02204,1.02844,1.02147,1.026745,55160
USD_CAD,2013-03-19,1.026705,1.02787,1.02385,1.025995,55582
USD_CAD,2013-03-20,1.026015,1.0265,1.02011,1.025045,51963
USD_CAD,2013-03-21,1.02504,1.02646,1.02204,1.02307,32198
USD_CAD,2013-03-22,1.02307,1.02307,1.02307,1.02307,1
USD_CAD,2013-03-24,1.023295,1.02358,1.0188,1.021305,38686
USD_CAD,2013-03-25,1.021305,1.02201,1.016,1.016115,36234
USD_CAD,2013-03-26,1.016085,1.01958,1.01508,1.01615,33263
USD_CAD,2013-03-27,1.016125,1.01744,1.01461,1.01622,33077
USD_CAD,2013-03-28,1.0162,1.01806,1.01579,1.01752,21848
USD_CAD,2013-03-31,1.01768,1.0183,1.01605,1.01679,18243
USD_CAD,2013-04-01,1.016855,1.01694,1.01252,1.014775,29762
USD_CAD,2013-04-02,1.01476,1.0155,1.01252,1.014585,26299
USD_CAD,2013-04-03,1.01454,1.01664,1.0105,1.012675,43394
USD_CAD,2013-04-04,1.012765,1.0236,1.01237,1.01761,47479
USD_CAD,2013-04-05,1.01763,1.01763,1.01761,1.01761,2
USD_CAD,2013-04-07,1.018155,1.02142,1.01566,1.016625,31248
USD_CAD,2013-04-08,1.016655,1.01754,1.01342,1.016375,33940
USD_CAD,2013-04-09,1.01628,1.0168,1.01398,1.014235,28159
USD_CAD,2013-04-10,1.01427,1.01567,1.00834,1.010405,33979
USD_CAD,2013-04-11,1.01053,1.01455,1.00943,1.01359,33702
USD_CAD,2013-04-12,1.01359,1.01359,1.01359,1.01359,1
USD_CAD,2013-04-14,1.014355,1.02594,1.01338,1.025495,56899
USD_CAD,2013-04-15,1.02552,1.02576,1.02036,1.02102,52074
USD_CAD,2013-04-16,1.021185,1.0294,1.02087,1.026605,56321
USD_CAD,2013-04-17,1.02656,1.02772,1.02304,1.02609,50352
USD_CAD,2013-04-18,1.026125,1.02698,1.02322,1.026565,40854
USD_CAD,2013-04-21,1.025645,1.02856,1.02481,1.0256,37673
USD_CAD,2013-04-22,1.02575,1.02854,1.02506,1.02575,46072
USD_CAD,2013-04-23,1.0259,1.02786,1.02469,1.02559,39621
USD_CAD,2013-04-24,1.02553,1.02607,1.01854,1.01994,42007
USD_CAD,2013-04-25,1.019925,1.02145,1.01576,1.01661,40886
USD_CAD,2013-04-28,1.01682,1.01694,1.0108,1.01124,30551
USD_CAD,2013-04-29,1.01131,1.01236,1.00536,1.007355,36430
USD_CAD,2013-04-30,1.00736,1.00999,1.00514,1.008275,34298
USD_CAD,2013-05-01,1.00829,1.011,1.00596,1.01044,41490
USD_CAD,2013-05-02,1.01045,1.01323,1.00768,1.007755,39083
USD_CAD,2013-05-05,1.007645,1.00959,1.00645,1.006815,24386
USD_CAD,2013-05-06,1.00689,1.00828,1.00366,1.00429,31948
USD_CAD,2013-05-07,1.004445,1.00586,1.00178,1.00278,28499
USD_CAD,2013-05-08,1.00278,1.00896,1.00136,1.006785,39429
USD_CAD,2013-05-09,1.00679,1.01524,1.0064,1.01017,53616
USD_CAD,2013-05-12,1.011995,1.0133,1.00826,1.01063,36021
USD_CAD,2013-05-13,1.010655,1.01827,1.00902,1.01806,41294
USD_CAD,2013-05-14,1.01808,1.02194,1.0157,1.015705,43359
USD_CAD,2013-05-15,1.015805,1.02076,1.01489,1.019365,46466
USD_CAD,2013-05-16,1.019365,1.03128,1.01807,1.0281,51618
USD_CAD,2013-05-19,1.028385,1.02962,1.02168,1.024135,41663
USD_CAD,2013-05-20,1.02431,1.03216,1.02356,1.02672,47351
USD_CAD,2013-05-21,1.026715,1.03878,1.02506,1.036725,72960
USD_CAD,2013-05-22,1.036665,1.03932,1.0286,1.030325,67909
USD_CAD,2013-05-23,1.03058,1.03557,1.02995,1.032,48977
USD_CAD,2013-05-26,1.03071,1.03434,1.03068,1.034045,20124
USD_CAD,2013-05-27,1.034035,1.0408,1.03248,1.039785,46967
USD_CAD,2013-05-28,1.039695,1.04205,1.03458,1.03522,57759
USD_CAD,2013-05-29,1.035115,1.03883,1.02964,1.02976,58373
USD_CAD,2013-05-30,1.029685,1.03812,1.02952,1.03743,64358
USD_CAD,2013-06-02,1.03746,1.03753,1.0262,1.02771,59414
USD_CAD,2013-06-03,1.02781,1.03614,1.02744,1.0342,54757
USD_CAD,2013-06-04,1.034125,1.03804,1.03274,1.034425,61086
USD_CAD,2013-06-05,1.03435,1.03672,1.01984,1.02634,81986
USD_CAD,2013-06-06,1.02635,1.0288,1.01668,1.019705,76824
USD_CAD,2013-06-09,1.021835,1.02235,1.01685,1.01937,52188
USD_CAD,2013-06-10,1.01936,1.02518,1.01756,1.018865,66820
USD_CAD,2013-06-11,1.01886,1.02175,1.01554,1.021225,55620
USD_CAD,2013-06-12,1.021265,1.02261,1.01478,1.015935,59706
USD_CAD,2013-06-13,1.015955,1.0187,1.01371,1.017045,49309
USD_CAD,2013-06-16,1.01749,1.02056,1.01504,1.018565,32407
USD_CAD,2013-06-17,1.01855,1.02174,1.01772,1.02115,39277
USD_CAD,2013-06-18,1.02116,1.0287,1.01738,1.02725,56736
USD_CAD,2013-06-19,1.02726,1.03937,1.0267,1.03861,74879
USD_CAD,2013-06-20,1.03863,1.04884,1.03632,1.045675,71577
USD_CAD,2013-06-23,1.04818,1.05561,1.04702,1.050025,73036
USD_CAD,2013-06-24,1.050045,1.05478,1.04581,1.05141,70298
USD_CAD,2013-06-25,1.0514,1.05277,1.04576,1.047085,64067
USD_CAD,2013-06-26,1.04708,1.05044,1.0424,1.047725,56083
USD_CAD,2013-06-27,1.04772,1.05535,1.04541,1.052085,67732
USD_CAD,2013-06-30,1.05291,1.05344,1.04872,1.04968,44103
USD_CAD,2013-07-01,1.04969,1.0578,1.04928,1.054355,57615
USD_CAD,2013-07-02,1.05438,1.05645,1.0504,1.05053,56456
USD_CAD,2013-07-03,1.050525,1.05574,1.04718,1.05147,48456
USD_CAD,2013-07-04,1.05148,1.06094,1.05114,1.058025,64844
USD_CAD,2013-07-07,1.05848,1.05856,1.05465,1.05581,40311
USD_CAD,2013-07-08,1.05584,1.0574,1.0514,1.05269,49481
USD_CAD,2013-07-09,1.052665,1.05406,1.04472,1.046515,63355
USD_CAD,2013-07-10,1.046525,1.04726,1.0326,1.036605,83556
USD_CAD,2013-07-11,1.036615,1.04043,1.03591,1.039615,51185
USD_CAD,2013-07-14,1.03858,1.04333,1.03799,1.04269,39683
USD_CAD,2013-07-15,1.04271,1.04425,1.03636,1.036945,49950
USD_CAD,2013-07-16,1.03694,1.04392,1.03556,1.040465,57555
USD_CAD,2013-07-17,1.040455,1.04394,1.03754,1.037875,45029
USD_CAD,2013-07-18,1.037865,1.03932,1.03555,1.036805,42465
USD_CAD,2013-07-21,1.0365,1.03678,1.03219,1.033375,35712
USD_CAD,2013-07-22,1.03337,1.03491,1.02776,1.028785,40503
USD_CAD,2013-07-23,1.028775,1.0325,1.02628,1.03143,49385
USD_CAD,2013-07-24,1.03141,1.03198,1.02558,1.027945,45576
USD_CAD,2013-07-25,1.02793,1.03028,1.02624,1.027815,37496
USD_CAD,2013-07-28,1.028445,1.0286,1.02526,1.02651,34709
USD_CAD,2013-07-29,1.02652,1.03106,1.02589,1.030535,40486
USD_CAD,2013-07-30,1.030565,1.03363,1.02458,1.02766,61697
USD_CAD,2013-07-31,1.02765,1.0351,1.02657,1.03467,50307
USD_CAD,2013-08-01,1.034685,1.04024,1.03386,1.03903,52438
USD_CAD,2013-08-04,1.03914,1.04036,1.03598,1.036055,36327
USD_CAD,2013-08-05,1.03605,1.0391,1.03484,1.037615,35087
USD_CAD,2013-08-06,1.03764,1.04457,1.03678,1.04233,43855
USD_CAD,2013-08-07,1.042335,1.04315,1.0304,1.03282,44034
USD_CAD,2013-08-08,1.032835,1.03536,1.02756,1.02887,39089
USD_CAD,2013-08-11,1.0299,1.03168,1.02804,1.030735,28554
USD_CAD,2013-08-12,1.03074,1.03482,1.03022,1.03433,34701
USD_CAD,2013-08-13,1.034325,1.037,1.03184,1.034205,34534
USD_CAD,2013-08-14,1.0342,1.03646,1.03005,1.03065,49103
USD_CAD,2013-08-15,1.03066,1.03606,1.02936,1.033665,37102
USD_CAD,2013-08-18,1.03427,1.03481,1.0316,1.0345,31890
USD_CAD,2013-08-19,1.03451,1.04018,1.03383,1.03914,44433
USD_CAD,2013-08-20,1.03915,1.04826,1.03894,1.04738,51214
USD_CAD,2013-08-21,1.04738,1.05305,1.04704,1.051575,46616
USD_CAD,2013-08-22,1.05155,1.05686,1.04962,1.04975,48267
USD_CAD,2013-08-25,1.051,1.05337,1.04984,1.050055,26510
USD_CAD,2013-08-26,1.050055,1.05405,1.0472,1.04748,37198
USD_CAD,2013-08-27,1.04749,1.05111,1.04736,1.04862,42220
USD_CAD,2013-08-28,1.048615,1.05409,1.04798,1.0532,34938
USD_CAD,2013-08-29,1.053185,1.05582,1.05092,1.053765,39961
USD_CAD,2013-09-01,1.053065,1.05574,1.05167,1.054905,24392
USD_CAD,2013-09-02,1.05491,1.05596,1.05092,1.053435,38626
USD_CAD,2013-09-03,1.053445,1.05426,1.0476,1.04957,38213
USD_CAD,2013-09-04,1.04957,1.0516,1.04766,1.050465,33956
USD_CAD,2013-09-05,1.05046,1.05057,1.03816,1.04068,37835
USD_CAD,2013-09-08,1.041435,1.04206,1.03596,1.0369,23225
USD_CAD,2013-09-09,1.03694,1.038,1.03306,1.034925,30768
USD_CAD,2013-09-10,1.03492,1.03652,1.03136,1.031945,29083
USD_CAD,2013-09-11,1.031955,1.0336,1.03061,1.03229,30810
USD_CAD,2013-09-12,1.032275,1.03566,1.03222,1.035115,28916
USD_CAD,2013-09-15,1.031935,1.03266,1.02829,1.032405,29661
USD_CAD,2013-09-16,1.03241,1.03344,1.02748,1.02956,26942
USD_CAD,2013-09-17,1.029565,1.03186,1.02018,1.022005,42448
USD_CAD,2013-09-18,1.02203,1.02674,1.01824,1.02647,41447
USD_CAD,2013-09-19,1.026475,1.03099,1.02628,1.03039,32231
USD_CAD,2013-09-22,1.030765,1.03108,1.02747,1.02842,25965
USD_CAD,2013-09-23,1.0284,1.03106,1.02703,1.03002,23770
USD_CAD,2013-09-24,1.030015,1.03189,1.02862,1.03134,28198
USD_CAD,2013-09-25,1.03134,1.03404,1.03032,1.030955,25999
USD_CAD,2013-09-26,1.03096,1.03319,1.0298,1.03054,23224
USD_CAD,2013-09-29,1.03178,1.03192,1.0275,1.030885,31212
USD_CAD,2013-09-30,1.030895,1.03365,1.02882,1.032245,33538
USD_CAD,2013-10-01,1.032245,1.03568,1.03224,1.03368,30047
USD_CAD,2013-10-02,1.033675,1.03396,1.0313,1.033285,28313
USD_CAD,2013-10-03,1.033295,1.03408,1.02902,1.02952,24535
USD_CAD,2013-10-06,1.029745,1.0334,1.02927,1.031255,23365
USD_CAD,2013-10-07,1.03123,1.03737,1.03072,1.036875,26963
USD_CAD,2013-10-08,1.03687,1.04072,1.03532,1.03938,30173
USD_CAD,2013-10-09,1.039355,1.04197,1.03718,1.039875,26771
USD_CAD,2013-10-10,1.03989,1.04122,1.034,1.03519,30007
USD_CAD,2013-10-13,1.03728,1.03728,1.03422,1.035305,19106
USD_CAD,2013-10-14,1.035345,1.03914,1.03318,1.03828,26521
USD_CAD,2013-10-15,1.03829,1.03853,1.0326,1.03271,30258
USD_CAD,2013-10-16,1.032715,1.03328,1.02808,1.02901,31582
USD_CAD,2013-10-17,1.028985,1.03031,1.02772,1.028655,22925
USD_CAD,2013-10-20,1.02918,1.03044,1.02898,1.030405,16830
USD_CAD,2013-10-21,1.030395,1.03102,1.02713,1.028595,25781
USD_CAD,2013-10-22,1.028585,1.03968,1.0283,1.038255,39079
USD_CAD,2013-10-23,1.03827,1.04382,1.03663,1.042175,31879
USD_CAD,2013-10-24,1.042175,1.0461,1.04108,1.04483,28520
USD_CAD,2013-10-27,1.04465,1.04514,1.04288,1.044585,20306
USD_CAD,2013-10-28,1.04458,1.04713,1.04276,1.04688,27690
USD_CAD,2013-10-29,1.046885,1.04974,1.04406,1.04794,33495
USD_CAD,2013-10-30,1.047935,1.049,1.04122,1.043125,35381
USD_CAD,2013-10-31,1.04313,1.0454,1.04118,1.042255,31969
USD_CAD,2013-11-03,1.041895,1.04286,1.03981,1.042445,21757
USD_CAD,2013-11-04,1.042465,1.04619,1.04169,1.04555,27079
USD_CAD,2013-11-05,1.04557,1.04594,1.04117,1.04183,25178
USD_CAD,2013-11-06,1.04181,1.04632,1.04056,1.046115,37847
USD_CAD,2013-11-07,1.04613,1.05034,1.04456,1.047735,37835
USD_CAD,2013-11-10,1.04834,1.04862,1.04655,1.047585,20444
USD_CAD,2013-11-11,1.04759,1.05087,1.04638,1.049475,31176
USD_CAD,2013-11-12,1.04948,1.04967,1.0452,1.045745,27891
USD_CAD,2013-11-13,1.04573,1.05258,1.04402,1.046405,38431
USD_CAD,2013-11-14,1.046415,1.04849,1.0437,1.04386,27747
USD_CAD,2013-11-17,1.04368,1.0442,1.0415,1.04281,23683
USD_CAD,2013-11-18,1.042815,1.04856,1.04158,1.046975,28733
USD_CAD,2013-11-19,1.046985,1.04741,1.04364,1.045245,38425
USD_CAD,2013-11-20,1.045305,1.05266,1.04458,1.051745,34900
USD_CAD,2013-11-21,1.05174,1.05688,1.0514,1.05173,33938
USD_CAD,2013-11-24,1.05323,1.05836,1.05228,1.0543,29626
USD_CAD,2013-11-25,1.0543,1.05583,1.05203,1.05418,33611
USD_CAD,2013-11-26,1.05411,1.06026,1.05315,1.05949,33499
USD_CAD,2013-11-27,1.059495,1.05978,1.05713,1.058125,22305
USD_CAD,2013-11-28,1.058135,1.06286,1.05594,1.06145,37250
USD_CAD,2013-12-01,1.06231,1.06542,1.06142,1.06444,30117
USD_CAD,2013-12-02,1.06441,1.06727,1.06314,1.06489,32531
USD_CAD,2013-12-03,1.064895,1.07075,1.06386,1.06832,45837
USD_CAD,2013-12-04,1.06834,1.06993,1.06248,1.065365,44739
USD_CAD,2013-12-05,1.06538,1.07081,1.06224,1.06391,45775
USD_CAD,2013-12-08,1.064665,1.067,1.06258,1.0627,27002
USD_CAD,2013-12-09,1.06268,1.06456,1.06011,1.060265,28072
USD_CAD,2013-12-10,1.06027,1.06202,1.05847,1.058995,27937
USD_CAD,2013-12-11,1.059015,1.06564,1.0561,1.06395,40115
USD_CAD,2013-12-12,1.06396,1.06692,1.05814,1.05854,30060
USD_CAD,2013-12-15,1.059475,1.05963,1.05726,1.059625,24070
USD_CAD,2013-12-16,1.05962,1.0618,1.05764,1.060725,27593
USD_CAD,2013-12-17,1.06071,1.07031,1.06018,1.070225,53270
USD_CAD,2013-12-18,1.070235,1.07278,1.06609,1.066385,35421
USD_CAD,2013-12-19,1.06637,1.07376,1.06282,1.06369,40234
USD_CAD,2013-12-22,1.06403,1.06532,1.05817,1.06057,25890
USD_CAD,2013-12-23,1.06054,1.06356,1.06052,1.061585,17686
USD_CAD,2013-12-25,1.063015,1.06498,1.06164,1.064795,17021
USD_CAD,2013-12-26,1.064785,1.0719,1.06198,1.07065,27954
USD_CAD,2013-12-29,1.07027,1.07276,1.06368,1.06487,23301
USD_CAD,2013-12-30,1.064855,1.06569,1.06169,1.062795,19562
USD_CAD,2014-01-01,1.064315,1.0678,1.05886,1.06699,44545
USD_CAD,2014-01-02,1.067005,1.06717,1.06026,1.063515,33054
USD_CAD,2014-01-05,1.063535,1.06807,1.0609,1.06557,32307
USD_CAD,2014-01-06,1.065575,1.07814,1.06509,1.076555,40313
USD_CAD,2014-01-07,1.076595,1.08303,1.07616,1.082005,46913
USD_CAD,2014-01-08,1.082,1.08744,1.08192,1.08422,41665
USD_CAD,2014-01-09,1.084225,1.0946,1.0838,1.08935,60925
USD_CAD,2014-01-12,1.09079,1.09294,1.08426,1.086285,38752
USD_CAD,2014-01-13,1.086305,1.0959,1.08598,1.09458,42690
USD_CAD,2014-01-14,1.09457,1.09914,1.09204,1.093395,42677
USD_CAD,2014-01-15,1.093385,1.09628,1.09054,1.09302,40959
USD_CAD,2014-01-16,1.092995,1.09838,1.09263,1.096235,36067
USD_CAD,2014-01-19,1.09635,1.09722,1.09298,1.0948,26675
USD_CAD,2014-01-20,1.09487,1.1019,1.0943,1.096685,38575
USD_CAD,2014-01-21,1.096715,1.1092,1.09536,1.108735,48770
USD_CAD,2014-01-22,1.10874,1.11736,1.10822,1.110125,74164
USD_CAD,2014-01-23,1.110145,1.11375,1.1052,1.108745,65358
USD_CAD,2014-01-26,1.1067,1.1117,1.10318,1.111575,44111
USD_CAD,2014-01-27,1.111575,1.11768,1.10786,1.115255,42646
USD_CAD,2014-01-28,1.115285,1.1187,1.11027,1.117065,58266
USD_CAD,2014-01-29,1.11707,1.1199,1.11508,1.115765,43566
USD_CAD,2014-01-30,1.11575,1.12243,1.10878,1.11285,54936
USD_CAD,2014-02-02,1.11153,1.11336,1.10412,1.11186,45178
USD_CAD,2014-02-03,1.11187,1.11234,1.10486,1.10818,46110
USD_CAD,2014-02-04,1.10814,1.11212,1.10374,1.108285,45793
USD_CAD,2014-02-05,1.10828,1.11226,1.10506,1.106975,40709
USD_CAD,2014-02-06,1.106965,1.10794,1.09678,1.10316,47146
USD_CAD,2014-02-09,1.103865,1.10624,1.10187,1.10555,26473
USD_CAD,2014-02-10,1.105555,1.10908,1.10031,1.10092,37967
USD_CAD,2014-02-11,1.101095,1.10254,1.09764,1.100255,33599
USD_CAD,2014-02-12,1.100135,1.10263,1.09546,1.097795,34099
USD_CAD,2014-02-13,1.09767,1.099,1.09404,1.09819,34213
USD_CAD,2014-02-16,1.098695,1.09879,1.0953,1.09646,21429
USD_CAD,2014-02-17,1.096545,1.09766,1.09404,1.095065,33472
USD_CAD,2014-02-18,1.095,1.10866,1.09105,1.10801,43196
USD_CAD,2014-02-19,1.10779,1.11127,1.10606,1.11015,42597
USD_CAD,2014-02-20,1.10985,1.11951,1.10936,1.11116,49146
USD_CAD,2014-02-23,1.11061,1.11429,1.10548,1.106065,32711
USD_CAD,2014-02-24,1.106145,1.10964,1.10545,1.10848,28783
USD_CAD,2014-02-25,1.108535,1.11446,1.10734,1.112795,37869
USD_CAD,2014-02-26,1.11322,1.11598,1.11178,1.11216,38036
USD_CAD,2014-02-27,1.112505,1.11471,1.10408,1.10657,48419
USD_CAD,2014-03-02,1.10791,1.11102,1.10386,1.107575,39229
USD_CAD,2014-03-03,1.10772,1.11177,1.10624,1.10925,35581
USD_CAD,2014-03-04,1.109205,1.10994,1.10289,1.10296,37920
USD_CAD,2014-03-05,1.103035,1.10466,1.09556,1.09865,41998
USD_CAD,2014-03-06,1.09852,1.11008,1.09808,1.10871,39624
USD_CAD,2014-03-09,1.109305,1.11306,1.10873,1.11062,27646
USD_CAD,2014-03-10,1.110515,1.11309,1.10718,1.110585,28603
USD_CAD,2014-03-11,1.110465,1.11539,1.10904,1.111985,36067
USD_CAD,2014-03-12,1.112015,1.11224,1.10433,1.107135,41718
USD_CAD,2014-03-13,1.107065,1.11106,1.1065,1.110245,37149
USD_CAD,2014-03-16,1.11024,1.11076,1.10452,1.10542,30465
USD_CAD,2014-03-17,1.10527,1.11464,1.10258,1.11359,45807
USD_CAD,2014-03-18,1.113945,1.12714,1.11224,1.123745,57300
USD_CAD,2014-03-19,1.123765,1.12786,1.12342,1.124345,37784
USD_CAD,2014-03-20,1.12424,1.12626,1.11738,1.12243,42345
USD_CAD,2014-03-23,1.120915,1.12463,1.11835,1.11916,35064
USD_CAD,2014-03-24,1.119265,1.12104,1.11554,1.116715,36887
USD_CAD,2014-03-25,1.116435,1.11706,1.10808,1.11017,41469
USD_CAD,2014-03-26,1.11017,1.11066,1.10144,1.103095,50138
USD_CAD,2014-03-27,1.102905,1.10778,1.10008,1.106065,40643
USD_CAD,2014-03-30,1.106265,1.1067,1.10021,1.104855,44448
USD_CAD,2014-03-31,1.10502,1.10704,1.10128,1.10275,38766
USD_CAD,2014-04-01,1.10259,1.10478,1.10046,1.10334,34410
USD_CAD,2014-04-02,1.10339,1.10454,1.1006,1.10354,38078
USD_CAD,2014-04-03,1.10364,1.10416,1.09572,1.098035,44034
USD_CAD,2014-04-06,1.097965,1.10098,1.09617,1.097285,32440
USD_CAD,2014-04-07,1.097295,1.09776,1.09121,1.09233,43935
USD_CAD,2014-04-08,1.09225,1.09426,1.08582,1.088055,41546
USD_CAD,2014-04-09,1.088055,1.09354,1.08681,1.093465,40075
USD_CAD,2014-04-10,1.093465,1.09847,1.09184,1.09785,40477
USD_CAD,2014-04-13,1.097715,1.09924,1.09425,1.09623,33579
USD_CAD,2014-04-14,1.096105,1.10134,1.09586,1.09788,37982
USD_CAD,2014-04-15,1.09787,1.10338,1.09592,1.101125,50015
USD_CAD,2014-04-16,1.10139,1.10193,1.09831,1.10033,31957
USD_CAD,2014-04-17,1.100885,1.10282,1.09986,1.10251,24555
USD_CAD,2014-04-20,1.102525,1.10312,1.1008,1.101105,17063
USD_CAD,2014-04-21,1.101185,1.10425,1.10007,1.102695,30997
USD_CAD,2014-04-22,1.102765,1.10532,1.10178,1.103235,34852
USD_CAD,2014-04-23,1.103225,1.10385,1.10154,1.102185,26737
USD_CAD,2014-04-24,1.102285,1.10472,1.10142,1.103975,27107
USD_CAD,2014-04-27,1.104145,1.10414,1.10175,1.10284,25423
USD_CAD,2014-04-28,1.102765,1.10298,1.09436,1.094395,37937
USD_CAD,2014-04-29,1.09452,1.09795,1.09432,1.096165,41494
USD_CAD,2014-04-30,1.095965,1.09954,1.09529,1.09576,31638
USD_CAD,2014-05-01,1.0959,1.10078,1.09356,1.097465,42579
USD_CAD,2014-05-04,1.098195,1.09891,1.09492,1.09546,26494
USD_CAD,2014-05-05,1.095355,1.09609,1.08744,1.08912,37734
USD_CAD,2014-05-06,1.089305,1.09076,1.08758,1.0899,35620
USD_CAD,2014-05-07,1.09003,1.09042,1.08144,1.08317,41759
USD_CAD,2014-05-08,1.082885,1.0916,1.0817,1.08997,49194
USD_CAD,2014-05-11,1.09,1.09042,1.08747,1.089595,27057
USD_CAD,2014-05-12,1.08936,1.09262,1.08872,1.090415,34069
USD_CAD,2014-05-13,1.090365,1.09218,1.08697,1.088875,33706
USD_CAD,2014-05-14,1.08871,1.08913,1.0852,1.088455,38746
USD_CAD,2014-05-15,1.08821,1.08886,1.0856,1.08611,29054
USD_CAD,2014-05-18,1.086205,1.08757,1.08503,1.087465,26297
USD_CAD,2014-05-19,1.08755,1.0917,1.08694,1.0907,32575
USD_CAD,2014-05-20,1.0905,1.09418,1.08934,1.0913,35674
USD_CAD,2014-05-21,1.09146,1.09336,1.08844,1.08912,34354
USD_CAD,2014-05-22,1.089505,1.09094,1.0863,1.086625,30611
USD_CAD,2014-05-25,1.08698,1.08738,1.0853,1.0859,15522
USD_CAD,2014-05-26,1.08597,1.0875,1.08358,1.085865,29469
USD_CAD,2014-05-27,1.086275,1.08864,1.08439,1.08774,30875
USD_CAD,2014-05-28,1.087255,1.08784,1.08256,1.083765,34098
USD_CAD,2014-05-29,1.08377,1.0869,1.08222,1.08468,37661
USD_CAD,2014-06-01,1.0842,1.09116,1.08416,1.090055,31966
USD_CAD,2014-06-02,1.09008,1.0922,1.08911,1.09075,24741
USD_CAD,2014-06-03,1.09084,1.09554,1.09068,1.09412,33850
USD_CAD,2014-06-04,1.0941,1.09606,1.09167,1.09258,41597
USD_CAD,2014-06-05,1.092445,1.09478,1.09086,1.09309,35631
USD_CAD,2014-06-08,1.09271,1.09408,1.09008,1.09047,24512
USD_CAD,2014-06-09,1.0906,1.09214,1.08913,1.0903,27704
USD_CAD,2014-06-10,1.090395,1.09089,1.08614,1.08676,28671
USD_CAD,2014-06-11,1.08675,1.08705,1.0842,1.08559,29593
USD_CAD,2014-06-12,1.08541,1.08706,1.08482,1.08572,28806
USD_CAD,2014-06-15,1.085745,1.08824,1.08358,1.0845,28305
USD_CAD,2014-06-16,1.084375,1.0875,1.08413,1.08614,25647
USD_CAD,2014-06-17,1.0861,1.08955,1.08356,1.083635,33602
USD_CAD,2014-06-18,1.083875,1.08426,1.08104,1.081755,27858
USD_CAD,2014-06-19,1.08208,1.08262,1.07519,1.075815,32773
USD_CAD,2014-06-22,1.07604,1.07607,1.07172,1.07323,27318
USD_CAD,2014-06-23,1.07282,1.07454,1.07161,1.074295,24322
USD_CAD,2014-06-24,1.074225,1.0752,1.07174,1.072005,28207
USD_CAD,2014-06-25,1.07209,1.07248,1.06834,1.06879,32367
USD_CAD,2014-06-26,1.06905,1.06966,1.06598,1.066615,24104
USD_CAD,2014-06-29,1.066605,1.06969,1.0647,1.06707,26434
USD_CAD,2014-06-30,1.067,1.06777,1.06308,1.06318,24184
USD_CAD,2014-07-01,1.063235,1.06708,1.06269,1.066515,26940
USD_CAD,2014-07-02,1.066555,1.06808,1.06204,1.063455,36185
USD_CAD,2014-07-03,1.06355,1.0659,1.06304,1.065275,24752
USD_CAD,2014-07-06,1.064835,1.06842,1.06314,1.06832,25714
USD_CAD,2014-07-07,1.06828,1.0694,1.06622,1.067845,25591
USD_CAD,2014-07-08,1.067505,1.0684,1.06412,1.0651,29873
USD_CAD,2014-07-09,1.0652,1.06762,1.06447,1.06494,29420
USD_CAD,2014-07-10,1.06506,1.0737,1.06308,1.073405,34883
USD_CAD,2014-07-13,1.07365,1.07474,1.07103,1.07131,26244
USD_CAD,2014-07-14,1.071255,1.07696,1.0711,1.075885,34721
USD_CAD,2014-07-15,1.075925,1.07943,1.07232,1.074005,38424
USD_CAD,2014-07-16,1.07422,1.07648,1.07282,1.07624,29773
USD_CAD,2014-07-17,1.075985,1.07666,1.07088,1.07338,32853
USD_CAD,2014-07-20,1.073415,1.07524,1.07263,1.073865,19399
USD_CAD,2014-07-21,1.073795,1.07597,1.07309,1.073935,25977
USD_CAD,2014-07-22,1.073705,1.07458,1.07104,1.07283,25519
USD_CAD,2014-07-23,1.07277,1.07519,1.0718,1.07453,24726
USD_CAD,2014-07-24,1.074185,1.08214,1.07386,1.08142,32688
USD_CAD,2014-07-27,1.081685,1.08184,1.07976,1.079905,25178
USD_CAD,2014-07-28,1.079865,1.08662,1.07968,1.085165,32157
USD_CAD,2014-07-29,1.085015,1.09168,1.08494,1.09024,42000
USD_CAD,2014-07-30,1.090515,1.09296,1.0877,1.090495,36127
USD_CAD,2014-07-31,1.09026,1.0944,1.08848,1.09167,47774
USD_CAD,2014-08-03,1.092015,1.09342,1.09052,1.090605,21421
USD_CAD,2014-08-04,1.090605,1.09767,1.09044,1.096125,31678
USD_CAD,2014-08-05,1.096125,1.0986,1.09125,1.09172,29578
USD_CAD,2014-08-06,1.0914,1.09382,1.09036,1.092465,30549
USD_CAD,2014-08-07,1.092605,1.09842,1.09098,1.09727,37026
USD_CAD,2014-08-10,1.09705,1.09775,1.09185,1.092145,20831
USD_CAD,2014-08-11,1.09235,1.09531,1.0914,1.092395,23492
USD_CAD,2014-08-12,1.09249,1.09404,1.09068,1.091455,27664
USD_CAD,2014-08-13,1.091315,1.09212,1.08872,1.0902,22239
USD_CAD,2014-08-14,1.0903,1.09191,1.08606,1.090025,32703
USD_CAD,2014-08-17,1.08865,1.08994,1.08754,1.088715,5328
USD_CAD,2014-08-18,1.08888,1.09493,1.0886,1.094105,8664
USD_CAD,2014-08-19,1.09426,1.09738,1.09324,1.09707,10842
USD_CAD,2014-08-20,1.096735,1.09865,1.09402,1.0942,7677
USD_CAD,2014-08-21,1.09406,1.09814,1.0928,1.09434,11876
USD_CAD,2014-08-24,1.09674,1.09863,1.09432,1.098355,9065
USD_CAD,2014-08-25,1.09856,1.09978,1.09412,1.09518,8034
USD_CAD,2014-08-26,1.09507,1.09563,1.08282,1.086495,13705
USD_CAD,2014-08-27,1.0863,1.08693,1.08367,1.08608,10983
USD_CAD,2014-08-28,1.085965,1.08798,1.0811,1.08792,11080
USD_CAD,2014-08-31,1.08746,1.08782,1.08566,1.087045,5256
USD_CAD,2014-09-01,1.08719,1.09354,1.0867,1.0929,10196
USD_CAD,2014-09-02,1.092625,1.0943,1.08708,1.08871,12027
USD_CAD,2014-09-03,1.0888,1.09098,1.08209,1.08741,14371
USD_CAD,2014-09-04,1.08734,1.0903,1.08404,1.08822,14850
USD_CAD,2014-09-07,1.08823,1.09828,1.08792,1.09717,11089
USD_CAD,2014-09-08,1.097265,1.10319,1.09644,1.098265,19288
USD_CAD,2014-09-09,1.097825,1.10148,1.0934,1.09374,19605
USD_CAD,2014-09-10,1.09385,1.1059,1.09353,1.10352,19440
USD_CAD,2014-09-11,1.10367,1.1098,1.10287,1.10922,17336
USD_CAD,2014-09-14,1.10845,1.1099,1.10356,1.10526,12515
USD_CAD,2014-09-15,1.10532,1.10718,1.0966,1.097255,19857
USD_CAD,2014-09-16,1.096865,1.10204,1.09268,1.099785,27856
USD_CAD,2014-09-17,1.09987,1.10236,1.09288,1.093605,18224
USD_CAD,2014-09-18,1.093745,1.09808,1.08869,1.09614,21882
USD_CAD,2014-09-21,1.096745,1.10436,1.09262,1.104365,13731
USD_CAD,2014-09-22,1.10413,1.10838,1.09864,1.107745,19614
USD_CAD,2014-09-23,1.10757,1.11222,1.10534,1.10595,18605
USD_CAD,2014-09-24,1.105745,1.11278,1.10565,1.11104,22298
USD_CAD,2014-09-25,1.11089,1.11689,1.10923,1.11557,19367
USD_CAD,2014-09-28,1.115335,1.11784,1.11314,1.116415,19123
USD_CAD,2014-09-29,1.1161,1.12198,1.1135,1.119655,22391
USD_CAD,2014-09-30,1.11958,1.12234,1.11608,1.116315,21083
USD_CAD,2014-10-01,1.116805,1.11782,1.10714,1.115645,32872
USD_CAD,2014-10-02,1.11578,1.12707,1.11548,1.12453,22763
USD_CAD,2014-10-05,1.125125,1.12657,1.1112,1.11316,19609
USD_CAD,2014-10-06,1.113235,1.11965,1.11268,1.11745,26639
USD_CAD,2014-10-07,1.11763,1.12104,1.10933,1.11081,30877
USD_CAD,2014-10-08,1.111115,1.11895,1.10818,1.118445,28583
USD_CAD,2014-10-09,1.118605,1.12224,1.11582,1.119805,29437
USD_CAD,2014-10-12,1.117985,1.12197,1.11792,1.11977,20387
USD_CAD,2014-10-13,1.11942,1.13136,1.11902,1.129675,20643
USD_CAD,2014-10-14,1.129675,1.13856,1.12264,1.12532,47509
USD_CAD,2014-10-15,1.12502,1.13614,1.12266,1.125775,41451
USD_CAD,2014-10-16,1.12562,1.12848,1.12106,1.127935,24020
USD_CAD,2014-10-19,1.128835,1.12937,1.12516,1.12851,14755
USD_CAD,2014-10-20,1.12872,1.12965,1.12029,1.12217,20830
USD_CAD,2014-10-21,1.12236,1.1295,1.1184,1.123635,25667
USD_CAD,2014-10-22,1.12378,1.1264,1.12074,1.12313,19324
USD_CAD,2014-10-23,1.12313,1.12433,1.11949,1.12352,15883
USD_CAD,2014-10-26,1.12294,1.12552,1.12128,1.124735,13727
USD_CAD,2014-10-27,1.124735,1.1253,1.11653,1.116745,18102
USD_CAD,2014-10-28,1.116745,1.1225,1.11223,1.118305,22667
USD_CAD,2014-10-29,1.1189,1.12232,1.11654,1.1188,21312
USD_CAD,2014-10-30,1.1188,1.13327,1.11844,1.12667,27901
USD_CAD,2014-11-02,1.128545,1.13774,1.12634,1.13586,46218
USD_CAD,2014-11-03,1.135805,1.14278,1.13402,1.14078,42950
USD_CAD,2014-11-04,1.140735,1.14665,1.13713,1.138665,49500
USD_CAD,2014-11-05,1.138955,1.1444,1.13794,1.14229,57204
USD_CAD,2014-11-06,1.142415,1.14489,1.13126,1.13283,59194
USD_CAD,2014-11-09,1.132545,1.13845,1.13002,1.13806,35939
USD_CAD,2014-11-10,1.138145,1.14018,1.1318,1.13361,15738
USD_CAD,2014-11-11,1.1335,1.13591,1.12814,1.131915,18136
USD_CAD,2014-11-12,1.13165,1.13918,1.12991,1.136945,15984
USD_CAD,2014-11-13,1.137285,1.13934,1.12646,1.129,27953
USD_CAD,2014-11-16,1.12841,1.13279,1.12686,1.13083,18057
USD_CAD,2014-11-17,1.13022,1.1324,1.12604,1.129705,18417
USD_CAD,2014-11-18,1.129805,1.13596,1.1298,1.134065,23869
USD_CAD,2014-11-19,1.13401,1.13694,1.12932,1.13045,24000
USD_CAD,2014-11-20,1.13045,1.13263,1.11914,1.12326,31938
USD_CAD,2014-11-23,1.123415,1.13124,1.12252,1.1282,17179
USD_CAD,2014-11-24,1.128375,1.13167,1.12324,1.125795,25104
USD_CAD,2014-11-25,1.12589,1.12972,1.12284,1.124715,20982
USD_CAD,2014-11-26,1.124565,1.13547,1.12354,1.133055,21625
USD_CAD,2014-11-27,1.13318,1.14442,1.13278,1.141565,26635
USD_CAD,2014-11-30,1.14295,1.1459,1.13134,1.13276,30042
USD_CAD,2014-12-01,1.132805,1.14246,1.13188,1.140695,22693
USD_CAD,2014-12-02,1.140795,1.14185,1.1347,1.13671,23577
USD_CAD,2014-12-03,1.136725,1.13971,1.13402,1.138215,26728
USD_CAD,2014-12-04,1.13844,1.1476,1.13818,1.14343,25969
USD_CAD,2014-12-07,1.14385,1.14858,1.14272,1.14772,18745
USD_CAD,2014-12-08,1.1481,1.15014,1.13973,1.144645,29917
USD_CAD,2014-12-09,1.144645,1.15026,1.14362,1.148275,26480
USD_CAD,2014-12-10,1.14792,1.15498,1.14485,1.151935,38595
USD_CAD,2014-12-11,1.152295,1.15912,1.15162,1.157875,29085
USD_CAD,2014-12-14,1.15934,1.16738,1.15486,1.16712,32970
USD_CAD,2014-12-15,1.166795,1.167,1.16074,1.162655,47185
USD_CAD,2014-12-16,1.162775,1.16715,1.15606,1.163385,47971
USD_CAD,2014-12-17,1.16328,1.16484,1.15698,1.157615,35031
USD_CAD,2014-12-18,1.15852,1.16365,1.15676,1.160345,27783
USD_CAD,2014-12-21,1.16072,1.16462,1.15782,1.16278,14675
USD_CAD,2014-12-22,1.16338,1.16672,1.15992,1.16157,20651
USD_CAD,2014-12-23,1.16157,1.16414,1.15902,1.163055,16357
USD_CAD,2014-12-25,1.16228,1.16314,1.16034,1.16287,33394
USD_CAD,2014-12-28,1.16159,1.16484,1.16056,1.16367,18027
USD_CAD,2014-12-29,1.16367,1.16514,1.1597,1.16103,16202
USD_CAD,2014-12-30,1.160955,1.16182,1.15646,1.161435,9933
